SAL_CODE_2021,SAL_NAME_2021
10001,Aarons Pass
10002,Abbotsbury
10003,Abbotsford
10004,Abercrombie
10005,Abercrombie River
10006,Aberdare
10007,Aberdeen
10008,Aberfoyle
10009,Aberglasslyn
10010,Abermain
10011,Abernethy
10012,Abington
10013,Acacia Creek
10014,Acacia Gardens
10015,Adaminaby
10016,Adamstown
10017,Adamstown Heights
10018,Adelong
10019,Adjungbilly
10020,Afterlee
10021,Agnes Banks
10022,Airds
10023,Akolele
10024,Albert
10025,Albion Park
10026,Albion Park Rail
10027,Albury
10028,Aldavilla
10029,Alectown
10030,Alexandria
10031,Alfords Point
10032,Alfredtown
10033,Alice
10034,Alison (Central Coast - NSW)
10035,Alison (Dungog - NSW)
10036,Allambie Heights
10037,Allandale
10038,Allawah
10039,Alleena
10040,Allgomera
10041,Allworth
10042,Allynbrook
10043,Alma Park
10044,Alpine
10045,Alstonvale
10046,Alstonville
10047,Alumy Creek
10048,Amaroo
10049,Ambarvale
10050,Amosfield
10051,Anabranch North
10052,Anabranch South
10053,Anambah
10054,Ando
10055,Anembo
10056,Angledale
10057,Angledool
10058,Anglers Reach
10059,Angourie
10060,Angus
10061,Anna Bay
10062,Annandale
10063,Annangrove
10064,Appin
10065,Apple Tree Flat
10066,Appleby
10067,Appletree Flat
10068,Apsley
10069,Arable
10070,Arakoon
10071,Araluen
10072,Aratula
10073,Arcadia
10074,Arcadia Vale
10075,Ardglen
10076,Arding
10077,Ardlethan
10078,Argalong
10079,Argenton
10080,Argents Hill
10081,Argoon
10082,Ariah Park
10083,Arkell
10084,Arkstone
10085,Armatree
10086,Armidale
10087,Arncliffe
10088,Arndell Park
10089,Arrawarra
10090,Arrawarra Headland
10091,Artarmon
10092,Arthurville
10093,Arumpo
10094,Ashbury
10095,Ashby
10096,Ashby Heights
10097,Ashby Island
10098,Ashcroft
10099,Ashfield
10100,Ashford
10101,Ashley
10102,Ashmont
10103,Ashtonfield
10104,Asquith
10105,Atholwood
10106,Attunga
10107,Auburn
10108,Auburn Vale
10109,Austinmer
10110,Austral
10111,Austral Eden
10112,Avalon Beach
10113,Avisford
10114,Avoca
10115,Avoca Beach
10116,Avon
10117,Avondale
10118,Avonside
10119,Awaba
10120,Aylmerton
10121,Baan Baa
10122,Babinda
10123,Babyl Creek
10124,Back Creek (Bland - NSW)
10125,Back Creek (Gwydir - NSW)
10126,Back Creek (Mid-Coast - NSW)
10127,Back Creek (Queanbeyan-Palerang Regional - NSW)
10128,Back Creek (Tenterfield - NSW)
10129,Back Creek (Tweed - NSW)
10130,Back Forest
10131,Backmede
10132,Backwater
10133,Badgerys Creek
10134,Badja
10135,Baerami
10136,Baerami Creek
10137,Bagnoo
10138,Bago
10139,Bagotville
10140,Bakers Creek (Mid-Coast - NSW)
10141,Bakers Creek (Nambucca Valley - NSW)
10142,Bakers Creek (Uralla - NSW)
10143,Bakers Swamp
10144,Balaclava
10145,Balala
10146,Balcolyn
10147,Bald Blair
10148,Bald Hills
10149,Bald Nob
10150,Bald Ridge
10151,Baldersleigh
10152,Baldry
10153,Balfours Peak
10154,Balgowlah
10155,Balgowlah Heights
10156,Balgownie
10157,Balickera
10158,Balladoran
10159,Ballalaba
10160,Balldale
10161,Ballengarra
10162,Ballimore
10163,Ballina
10164,Ballyroe
10165,Balmain
10166,Balmain East
10167,Balmoral (Lake Macquarie - NSW)
10168,Balmoral (Wingecarribee - NSW)
10169,Balranald
10170,Bamarang
10171,Banda Banda
10172,Bandon Grove
10173,Bangadang
10174,Bangalee
10175,Bangalow
10176,Bangheet
10177,Bango
10178,Bangor
10179,Banksia
10180,Banksmeadow
10181,Bankstown
10182,Bankstown Aerodrome
10183,Bannaby
10184,Bannister
10185,Banoon
10186,Banora Point
10187,Banyabba
10188,Bar Beach
10189,Bar Point
10190,Bara
10191,Baradine
10192,Barangaroo
10193,Barcoongere
10194,Barden Ridge
10195,Bardia
10196,Bardwell Park
10197,Bardwell Valley
10198,Barellan
10199,Bargo
10200,Barham
10201,Barigan
10202,Barkers Vale
10203,Barmedman
10204,Barneys Reef
10205,Barnsley
10206,Barooga
10207,Barraba
10208,Barrack Heights
10209,Barrack Point
10210,Barraganyatti
10211,Barragga Bay
10212,Barratta
10213,Barren Grounds
10214,Barrengarry
10215,Barretts Creek
10216,Barringella
10217,Barrington
10218,Barrington Tops
10219,Barry (Blayney - NSW)
10220,Barry (Tamworth Regional - NSW)
10221,Barwang
10222,Baryulgil
10223,Basin View
10224,Bass Hill
10225,Bassendean
10226,Batar Creek
10227,Bateau Bay
10228,Batehaven
10229,Batemans Bay
10230,Bathampton
10231,Bathurst
10232,Batlow
10233,Baulkham Hills
10234,Baw Baw
10235,Bawley Point
10236,Baxters Ridge
10237,Bayview
10238,Beacon Hill
10239,Beaconsfield
10240,Bean Creek
10241,Bearbong
10242,Beaumont
10243,Beaumont Hills
10244,Beckom
10245,Bective
10246,Bectric
10247,Bedgerabong
10248,Beechwood
10249,Beecroft
10250,Beecroft Peninsula
10251,Beelbangera
10252,Beemunnel
10253,Bega
10254,Beggan Beggan
10255,Belanglo
10256,Belbora
10257,Belfield
10258,Belford
10259,Belfrayden
10260,Belgravia
10261,Belimbla Park
10262,Bell
10263,Bella Vista
10264,Bellambi
10265,Bellangry
10266,Bellata
10267,Bellawongarah
10268,Bellbird
10269,Bellbird Heights
10270,Bellbrook
10271,Bellevue Hill
10272,Bellimbopinni
10273,Bellingen
10274,Bellmount Forest
10275,Belltrees
10276,Belmont
10277,Belmont North
10278,Belmont South
10279,Belmore
10280,Belmore River
10281,Beloka
10282,Belowra
10283,Belrose
10284,Bemboka
10285,Ben Bullen
10286,Ben Lomond
10287,Benandarah
10288,Bendalong
10289,Bendemeer
10290,Bendick Murrell
10291,Bendolba
10292,Bendoura
10293,Benerembah
10294,Bengalla
10295,Bennetts Green
10296,Benolong
10297,Bensville
10298,Bentley
10299,Berala
10300,Berambing
10301,Beresfield
10302,Bergalia
10303,Berkeley
10304,Berkeley Vale
10305,Berkshire Park
10306,Berlang
10307,Bermagui
10308,Berowra
10309,Berowra Heights
10310,Berowra Waters
10311,Berrambool
10312,Berrara
10313,Berremangra
10314,Berrico
10315,Berridale
10316,Berrigal
10317,Berrigan
10318,Berrilee
10319,Berrima
10320,Berringer Lake
10321,Berry
10322,Berry Jerry
10323,Berry Mountain
10324,Berry Park
10325,Berthong
10326,Beryl
10327,Bethungra
10328,Bevendale
10329,Beverley Park
10330,Beverly Hills
10331,Bewong
10332,Bexhill
10333,Bexley
10334,Bexley North
10335,Biala
10336,Bibbenluke
10337,Biddon
10338,Bidgeemia
10339,Bidwill
10340,Bielsdown Hills
10341,Big Hill
10342,Big Jacks Creek
10343,Big Ridge
10344,Big Springs
10345,Bigga
10346,Bilambil
10347,Bilambil Heights
10348,Bilbul
10349,Bilgola Beach
10350,Bilgola Plateau
10351,Billeroy
10352,Billilingra
10353,Billimari
10354,Billinudgel
10355,Billys Creek
10356,Billywillinga
10357,Bilpin
10358,Bimberi
10359,Bimbi
10360,Bimbimbie
10361,Binalong
10362,Binda
10363,Bindera
10364,Bingara
10365,Bingeebeebra Creek
10366,Bingie
10367,Bingleburra
10368,Biniguy
10369,Binjura
10370,Binna Burra
10371,Binnaway
10372,Binya
10373,Birchgrove
10374,Birdwood
10375,Birganbigil
10376,Birmingham Gardens
10377,Birriwa
10378,Birrong
10379,Bishops Bridge
10380,Bithramere
10381,Black Creek (Port Macquarie-Hastings - NSW)
10382,Black Creek (Snowy Valleys - NSW)
10383,Black Head
10384,Black Hill
10385,Black Hollow
10386,Black Mountain
10387,Black Range
10388,Black Springs
10389,Blackalls Park
10390,Blackbutt
10391,Blackett
10392,Blackheath
10393,Blackmans Flat
10394,Blackmans Point
10395,Blacksmiths
10396,Blacktown
10397,Blackville
10398,Blackwall
10399,Blair Athol
10400,Blairmount
10401,Blakebrook
10402,Blakehurst
10403,Blakney Creek
10404,Bland
10405,Blandford
10406,Blaxland
10407,Blaxlands Creek
10408,Blaxlands Ridge
10409,Blayney
10410,Bligh Park
10411,Blighty
10412,Blowering
10413,Blue Bay
10414,Blue Haven
10415,Blue Knob
10416,Blue Mountains National Park
10417,Blue Nobby
10418,Blue Vale
10419,Blueys Beach
10420,Boambee
10421,Boambee East
10422,Boambolo
10423,Boat Harbour (Lismore - NSW)
10424,Boat Harbour (Port Stephens - NSW)
10425,Bobadah
10426,Bobin
10427,Bobs Creek
10428,Bobs Farm
10429,Bobundara
10430,Boco
10431,Bocoble
10432,Bocobra
10433,Bodalla
10434,Bodangora
10435,Boeill Creek
10436,Bogan
10437,Bogan Gate
10438,Bogangar
10439,Bogee
10440,Boggabilla
10441,Boggabri
10442,Bogong Peaks Wilderness
10443,Bohena Creek
10444,Bohnock
10445,Bolaro
10446,Bolivia
10447,Bolong
10448,Bolton Point
10449,Bolwarra
10450,Bolwarra Heights
10451,Bom Bom
10452,Bomaderry
10453,Bombah Point
10454,Bombala
10455,Bombay
10456,Bombira
10457,Bombo
10458,Bombowlee
10459,Bombowlee Creek
10460,Bomen
10461,Bonalbo
10462,Bondi
10463,Bondi Beach
10464,Bondi Forest
10465,Bondi Junction
10466,Bonnells Bay
10467,Bonnet Bay
10468,Bonny Hills
10469,Bonnyrigg
10470,Bonnyrigg Heights
10471,Bonshaw
10472,Bonville
10473,Booerie Creek
10474,Book Book
10475,Booker Bay
10476,Bookham
10477,Bookookoorara
10478,Bookram
10479,Boolambayte
10480,Boolaroo
10481,Boolcarroll
10482,Booligal
10483,Boolijah
10484,Boomanoomana
10485,Boomerang Beach
10486,Boomey
10487,Boomi
10488,Boomi Creek
10489,Boona Mount
10490,Boonal
10491,Boonoo Boonoo
10492,Boorabee Park
10493,Booragul
10494,Booral
10495,Boorga
10496,Boorganna
10497,Boorolong
10498,Boorook
10499,Boorooma
10500,Booroorban
10501,Boorowa
10502,Bootawa
10503,Booti Booti
10504,Booyong
10505,Bora Ridge
10506,Borah Creek
10507,Borambola
10508,Border Ranges
10509,Boree
10510,Boree Creek
10511,Borenore
10512,Boro
10513,Bossley Park
10514,Bostobrick
10515,Botany
10516,Botobolar
10517,Bottle Creek
10518,Bouddi
10519,Bourbah
10520,Bourke
10521,Bourkelands
10522,Bournda
10523,Bournewood
10524,Bow Bowing
10525,Bowan Park
10526,Bowen Mountain
10527,Bowenfels
10528,Bowling Alley Point
10529,Bowman
10530,Bowman Farm
10531,Bowmans Creek
10532,Bowna
10533,Bowning
10534,Bowral
10535,Bowraville
10536,Box Head
10537,Box Hill
10538,Boxers Creek
10539,Boydtown
10540,Bradbury
10541,Braefield
10542,Braemar
10543,Braemar Bay
10544,Braidwood
10545,Brandy Hill
10546,Branxton
10547,Braunstone
10548,Brawboy
10549,Bray Park
10550,Brays Creek
10551,Brayton
10552,Breadalbane
10553,Breakfast Creek
10554,Breakfast Point
10555,Bream Beach
10556,Bredbo
10557,Breelong
10558,Breeza
10559,Bretti
10560,Brewarrina
10561,Brewongle
10562,Briarbrook
10563,Bribbaree
10564,Bridgman
10565,Brierfield
10566,Brighton-Le-Sands
10567,Brightwaters
10568,Bril Bril
10569,Brimbin
10570,Brindabella
10571,Brinerville
10572,Bringelly
10573,Bringenbrong
10574,Brisbane Grove
10575,Broadmeadow
10576,Broadwater (Bega Valley - NSW)
10577,Broadwater (Richmond Valley - NSW)
10578,Broadway
10579,Brobenah
10580,Brocklehurst
10581,Brocklesby
10582,Brockley
10583,Brodies Plains
10584,Brogans Creek
10585,Brogers Creek
10586,Brogo
10587,Broke
10588,Broken Head
10589,Broken Hill
10590,Brombin
10591,Bronte
10592,Brookdale
10593,Brookfield
10594,Brooklana
10595,Brooklet
10596,Brooklyn
10597,Brookong
10598,Brookvale
10599,Brooman
10600,Brooms Head
10601,Broughams Gate
10602,Broughton
10603,Broughton Vale
10604,Broughton Village
10605,Broulee
10606,Brownlow Hill
10607,Browns Creek
10608,Browns Mountain
10609,Brownsville
10610,Brucedale
10611,Bruie Plains
10612,Bruinbun
10613,Brumby Plains
10614,Brundee
10615,Brungle
10616,Brungle Creek
10617,Brunkerville
10618,Brunswick Heads
10619,Brushgrove
10620,Brushy Creek
10621,Buangla
10622,Bucca
10623,Bucca Wauka
10624,Buccarumbi
10625,Buchanan
10626,Buckajo
10627,Buckaroo
10628,Buckenbowra
10629,Buckenderra
10630,Buckendoon
10631,Bucketty
10632,Buckra Bendinni
10633,Budawang
10634,Buddabadah
10635,Budden
10636,Budderoo
10637,Buddong
10638,Budgee Budgee
10639,Budgewoi
10640,Budgewoi Peninsula
10641,Budgong
10642,Buff Point
10643,Bugaldie
10644,Bukalong
10645,Bukkulla
10646,Bulahdelah
10647,Bulee
10648,Bulga
10649,Bulga Forest
10650,Bulgary
10651,Bulla
10652,Bulla Creek
10653,Bullaburra
10654,Bullagreen
10655,Bullarah
10656,Bullatale
10657,Bullawa Creek
10658,Bulldog
10659,Bulli
10660,Bulliac
10661,Bullio
10662,Bulyeroi
10663,Bumbaldry
10664,Bumbalong
10665,Bundabah
10666,Bundagen
10667,Bundanoon
10668,Bundarra
10669,Bundeena
10670,Bundella
10671,Bundemar
10672,Bundewallah
10673,Bundook
10674,Bundure
10675,Bungaba
10676,Bungabbee
10677,Bungalora
10678,Bungarby
10679,Bungarribee
10680,Bungawalbin
10681,Bungendore
10682,Bungonia
10683,Bungowannah
10684,Bungwahl
10685,Bunnaloo
10686,Bunnan
10687,Bunyah
10688,Bunyan
10689,Burcher
10690,Bureen
10691,Burnt Bridge
10692,Burnt Yards
10693,Buronga
10694,Burra (Queanbeyan-Palerang Regional - NSW)
10695,Burra (Snowy Valleys - NSW)
10696,Burra Creek
10697,Burraboi
10698,Burradoo
10699,Burraga
10700,Burragate
10701,Burrandana
10702,Burraneer
10703,Burrangong
10704,Burrapine
10705,Burrawang
10706,Burrell Creek
10707,Burren Junction
10708,Burrier
10709,Burrill Lake
10710,Burringbar
10711,Burrinjuck
10712,Burroway
10713,Burrumbuttock
10714,Burrundulla
10715,Burrungubugge
10716,Burwood
10717,Burwood Heights
10718,Busby
10719,Busbys Flat
10720,Bushells Ridge
10721,Buttaba
10722,Buttai
10723,Butterwick
10724,Buxton
10725,Byabarra
10726,Byadbo Wilderness
10727,Byangum
10728,Bylong
10729,Byng
10730,Byrock
10731,Byron Bay
10732,Byrrill Creek
10733,Bywong
10734,Cabarita
10735,Cabarita Beach
10736,Cabbage Tree Island (Ballina - NSW)
10737,Cabbage Tree Island (Mid-Coast - NSW)
10738,Cabramatta
10739,Cabramatta West
10740,Cabramurra
10741,Caddens
10742,Cadgee
10743,Cadia
10744,Caerleon
10745,Caffreys Flat
10746,Cairncross
10747,Calala
10748,Calamia
10749,Calderwood
10750,Caldwell
10751,Calga
10752,Califat
10753,Calimo
10754,Callaghan
10755,Callaghans Creek
10756,Callala Bay
10757,Callala Beach
10758,Calliope
10759,Caloola
10760,Cambalong
10761,Camberwell
10762,Cambewarra
10763,Cambewarra Village
10764,Camboon
10765,Cambra
10766,Cambridge Gardens
10767,Cambridge Park
10768,Cambridge Plateau
10769,Camden
10770,Camden Head
10771,Camden Park
10772,Camden South
10773,Camellia
10774,Cameron Park
10775,Camerons Creek
10776,Camira
10777,Cammeray
10778,Camp Creek
10779,Campbelltown
10780,Camperdown
10781,Campsie
10782,Campvale
10783,Cams Wharf
10784,Canada Bay
10785,Canadian Lead
10786,Canbelego
10787,Candelo
10788,Cangai
10789,Caniaba
10790,Canley Heights
10791,Canley Vale
10792,Canobolas
10793,Canoelands
10794,Canonba
10795,Canowindra
10796,Canterbury
10797,Canton Beach
10798,Canyonleigh
10799,Caparra
10800,Capeen Creek
10801,Capertee
10802,Capoompeta
10803,Captains Flat
10804,Carabost
10805,Caragabal
10806,Carcalgong
10807,Carcoar
10808,Cardiff
10809,Cardiff Heights
10810,Cardiff South
10811,Carey Bay
10812,Cargo
10813,Carinda
10814,Caringbah
10815,Caringbah South
10816,Carlaminda
10817,Carlingford
10818,Carlton
10819,Carnes Hill
10820,Carnham
10821,Carool
10822,Caroona
10823,Carrabolla
10824,Carrai
10825,Carramar
10826,Carrathool
10827,Carrick
10828,Carrington (Mid-Coast - NSW)
10829,Carrington (Newcastle - NSW)
10830,Carrington Falls
10831,Carroll
10832,Carrowbrook
10833,Carrs Creek
10834,Carrs Island
10835,Carrs Peninsula
10836,Carss Park
10837,Cartwright
10838,Cartwrights Hill
10839,Carwell
10840,Carwoola
10841,Cascade
10842,Casino
10843,Cassilis
10844,Castle Cove
10845,Castle Doyle
10846,Castle Hill
10847,Castle Rock
10848,Castlecrag
10849,Castlereagh
10850,Casuarina
10851,Casula
10852,Catalina
10853,Cataract
10854,Cathcart
10855,Catherine Field
10856,Catherine Hill Bay
10857,Cathundral
10858,Cattai
10859,Cattle Creek
10860,Cavan
10861,Caves Beach
10862,Cawdor
10863,Cawongla
10864,Cecil Hills
10865,Cecil Park
10866,Cedar Brush Creek
10867,Cedar Creek (Cessnock - NSW)
10868,Cedar Creek (Tweed - NSW)
10869,Cedar Party
10870,Cedar Point
10871,Cells River
10872,Centennial Park
10873,Central Colo
10874,Central Macdonald
10875,Central Mangrove
10876,Central Tilba
10877,Cessnock
10878,Chaelundi
10879,Chain Valley Bay
10880,Chakola
10881,Chambigne
10882,Charbon
10883,Charles Sturt University
10884,Charlestown
10885,Charleys Forest
10886,Charlotte Bay
10887,Charlton
10888,Charmhaven
10889,Chatham Valley
10890,Chatsbury
10891,Chatswood
10892,Chatswood West
10893,Chatsworth
10894,Cheero Point
10895,Cheltenham
10896,Cherry Tree Hill
10897,Cherrybrook
10898,Chester Hill
10899,Chichester
10900,Chifley
10901,Chilcotts Creek
10902,Chilcotts Grass
10903,Chillingham
10904,Chinderah
10905,Chinnock
10906,Chippendale
10907,Chipping Norton
10908,Chisholm
10909,Chiswick
10910,Chittaway Bay
10911,Chittaway Point
10912,Chowan Creek
10913,Chullora
10914,Church Point
10915,Clandulla
10916,Clare
10917,Claremont Meadows
10918,Clarence
10919,Clarence Town
10920,Clarendon
10921,Clarenza
10922,Clareville
10923,Claymore
10924,Clear Creek
10925,Clear Range
10926,Clearfield
10927,Clemton Park
10928,Clergate
10929,Cleveland
10930,Clifden
10931,Cliftleigh
10932,Clifton
10933,Clifton Grove
10934,Clontarf
10935,Clothiers Creek
10936,Clouds Creek
10937,Clovelly
10938,Clunes
10939,Clybucca
10940,Clyde
10941,Clydesdale
10942,Coal Point
10943,Coalcliff
10944,Coaldale
10945,Coasters Retreat
10946,Cobaki
10947,Cobaki Lakes
10948,Cobar
10949,Cobar Park
10950,Cobargo
10951,Cobark
10952,Cobbadah
10953,Cobbitty
10954,Cobbora
10955,Cobramunga
10956,Cockwhy
10957,Codrington
10958,Coffee Camp
10959,Coffs Harbour
10960,Coggan
10961,Cogra Bay
10962,Coila
10963,Coldstream
10964,Coleambally
10965,Colebee
10966,Coledale
10967,Colinroobie
10968,Colinton
10969,Collarenebri
10970,Collaroy
10971,Collaroy Plateau
10972,Collector
10973,Collendina
10974,Collerina
10975,Collie
10976,Collingullie
10977,Collingwood
10978,Collins Creek
10979,Collombatti
10980,Collum Collum
10981,Colly Blue
10982,Colo (Bathurst Regional - NSW)
10983,Colo (Hawkesbury - NSW)
10984,Colo Heights
10985,Colo Vale
10986,Colongra
10987,Colyton
10988,Comara
10989,Combaning
10990,Combara
10991,Comberton
10992,Comboyne
10993,Come By Chance
10994,Comerong Island
10995,Commissioners Creek
10996,Como
10997,Comobella
10998,Conargo
10999,Concord
11000,Concord West
11001,Condell Park
11002,Condobolin
11003,Condong
11004,Coneac
11005,Congarinni
11006,Congarinni North
11007,Congewai
11008,Congo
11009,Conimbia
11010,Coniston
11011,Conjola
11012,Conjola Park
11013,Connells Point
11014,Constitution Hill
11015,Coogee
11016,Cookamidgera
11017,Cookardinia
11018,Cooks Gap
11019,Cooks Hill
11020,Cooks Myalls
11021,Coolabah
11022,Coolac
11023,Coolagolite
11024,Coolah
11025,Coolamon
11026,Coolangatta
11027,Coolangubra
11028,Coolatai
11029,Cooleman
11030,Cooleys Creek
11031,Coolgardie
11032,Coolongolook
11033,Coolringdon
11034,Coolumbooka
11035,Coolumburra
11036,Cooma
11037,Coomba Bay
11038,Coomba Park
11039,Coombadjha
11040,Coombell
11041,Coomealla
11042,Coomoo Coomoo
11043,Coonabarabran
11044,Coonamble
11045,Coongbar
11046,Cooperabung
11047,Coopernook
11048,Coopers Gully
11049,Coopers Shoot
11050,Cooplacurripa
11051,Coorabell
11052,Cooranbong
11053,Cootamundra
11054,Cootralantra
11055,Cooyal
11056,Copacabana
11057,Cope
11058,Copeland
11059,Copeton
11060,Copmanhurst
11061,Coppabella
11062,Copperhannia
11063,Coraki
11064,Coralville
11065,Coramba
11066,Corang
11067,Corangula
11068,Corbie Hill
11069,Cordeaux
11070,Cordeaux Heights
11071,Coree
11072,Coreen
11073,Corindi Beach
11074,Corinella
11075,Corlette
11076,Corndale
11077,Corney Town
11078,Cornwallis
11079,Corobimilla
11080,Corowa
11081,Corrabare
11082,Corrimal
11083,Corrong
11084,Corrowong
11085,Corunna
11086,Cottage Point
11087,Cottonvale
11088,Cougal
11089,Countegany
11090,Courabyra
11091,Couradda
11092,Couragago
11093,Couridjah
11094,Coutts Crossing
11095,Cow Flat
11096,Cowabbie
11097,Cowan
11098,Cowper
11099,Cowra
11100,Coxs Creek
11101,Coxs Crown
11102,Crabbes Creek
11103,Crackenback
11104,Craigie
11105,Cranebrook
11106,Crangan Bay
11107,Craven
11108,Craven Plateau
11109,Crawford River
11110,Crawney
11111,Creel Bay
11112,Creewah
11113,Cremorne
11114,Cremorne Point
11115,Crescent Head
11116,Crestwood
11117,Cringila
11118,Croki
11119,Cromer
11120,Cronulla
11121,Crooble
11122,Croobyar
11123,Crooked Corner
11124,Crookwell
11125,Croom
11126,Croppa Creek
11127,Cross Roads
11128,Crosslands
11129,Croudace Bay
11130,Crowdy Bay
11131,Crowdy Head
11132,Crows Nest
11133,Crowther
11134,Crowther Island
11135,Croydon
11136,Croydon Park
11137,Crudine
11138,Cryon
11139,Crystal Creek
11140,Cubba
11141,Cudal
11142,Cudgegong
11143,Cudgel
11144,Cudgen
11145,Cudgera Creek
11146,Cudmirrah
11147,Culburra Beach
11148,Culcairn
11149,Cullen Bullen
11150,Cullenbone
11151,Cullendore
11152,Cullerin
11153,Cullivel
11154,Culmaran Creek
11155,Cumbalum
11156,Cumbandry
11157,Cumberland Reach
11158,Cumbo
11159,Cumborah
11160,Cumnock
11161,Cundle Flat
11162,Cundletown
11163,Cundumbul
11164,Cunjurong Point
11165,Cunningar
11166,Cunninyeuk
11167,Curban
11168,Curl Curl
11169,Curlew Waters
11170,Curlewis
11171,Curlwaa
11172,Curra Creek
11173,Currabubula
11174,Curragh
11175,Curramore
11176,Currans Hill
11177,Currarong
11178,Currawang
11179,Currawarna
11180,Curraweela
11181,Curricabark
11182,Currowan
11183,Cuttabri
11184,Cuttagee
11185,Dabee
11186,Daceyville
11187,Dairy Arm
11188,Dairy Flat
11189,Dairymans Plains
11190,Daleys Point
11191,Dalgety
11192,Dalmeny
11193,Dalmorton
11194,Dalswinton
11195,Dalton
11196,Dalwood (Ballina - NSW)
11197,Dalwood (Singleton - NSW)
11198,Dandaloo
11199,Dandry
11200,Dangar Island
11201,Dangarsleigh
11202,Dangelong
11203,Dapto
11204,Darawank
11205,Darbalara
11206,Darbys Falls
11207,Dareton
11208,Dargan
11209,Dark Corner
11210,Darkes Forest
11211,Darkwood
11212,Darling Point
11213,Darlinghurst
11214,Darlington (Singleton - NSW)
11215,Darlington (Sydney - NSW)
11216,Darlington Point
11217,Darlow
11218,Daroobalgie
11219,Dartbrook
11220,Daruka
11221,Davidson
11222,Davis Creek
11223,Davistown
11224,Dawes Point
11225,Daysdale
11226,Dean Park
11227,Deauville
11228,Debenham
11229,Dee Why
11230,Deep Creek (Clarence Valley - NSW)
11231,Deep Creek (Kempsey - NSW)
11232,Deep Creek (Kyogle - NSW)
11233,Deepwater
11234,Deer Vale
11235,Delegate
11236,Delungra
11237,Denham Court
11238,Denhams Beach
11239,Deniliquin
11240,Denistone
11241,Denistone East
11242,Denistone West
11243,Denman
11244,Depot Beach
11245,Derriwong
11246,Deua
11247,Deua River Valley
11248,Devils Hole
11249,Dewitt
11250,Dharruk
11251,Dhulura
11252,Dhuragoon
11253,Diamond Beach
11254,Diamond Head
11255,Diehard
11256,Diggers Camp
11257,Dignams Creek
11258,Dilkoon
11259,Dilpurra
11260,Dingo Forest
11261,Dinoga
11262,Dirnaseer
11263,Dirty Creek
11264,Dobies Bight
11265,Doctor George Mountain
11266,Doctors Gap
11267,Dog Rocks
11268,Dolans Bay
11269,Dolls Point
11270,Dollys Flat
11271,Dolphin Point
11272,Dombarton
11273,Donald Creek
11274,Dondingalong
11275,Doon Doon
11276,Doonbah
11277,Doonside
11278,Dooralong
11279,Dora Creek
11280,Dorrigo
11281,Dorrigo Mountain
11282,Dorroughby
11283,Double Bay
11284,Doubtful Creek
11285,Douglas Park
11286,Dover Heights
11287,Downside
11288,Doyalson
11289,Doyalson North
11290,Doyles Creek
11291,Doyles River
11292,Drake
11293,Drake Village
11294,Drildool
11295,Dripstone
11296,Drummoyne
11297,Dry Creek
11298,Dry Plain
11299,Dubbo
11300,Duck Creek
11301,Duckenfield
11302,Duckmaloi
11303,Dudley
11304,Duffys Forest
11305,Dulguigan
11306,Dulwich Hill
11307,Dum Dum
11308,Dumaresq
11309,Dumaresq Island
11310,Dumaresq Valley
11311,Dumbudgery
11312,Dunbible
11313,Dunbogan
11314,Duncans Creek
11315,Dundas
11316,Dundas Valley
11317,Dundee
11318,Dundurrabin
11319,Dunedoo
11320,Dungarubba
11321,Dungay
11322,Dungeree
11323,Dungog
11324,Dungowan
11325,Dunkeld
11326,Dunmore
11327,Dunolly
11328,Dunoon
11329,Duns Creek
11330,Dunville Loop
11331,Dural (Hornsby - NSW)
11332,Dural (Singleton - NSW)
11333,Duramana
11334,Duranbah
11335,Duri
11336,Duroby
11337,Durran Durra
11338,Durras North
11339,Durren Durren
11340,Duval
11341,Dyers Crossing
11342,Dyraaba
11343,Dyrring
11344,Eagle Vale
11345,Eagleton
11346,Earlwood
11347,East Albury
11348,East Ballina
11349,East Branxton
11350,East Coraki
11351,East Corrimal
11352,East Gosford
11353,East Gresford
11354,East Hills
11355,East Jindabyne
11356,East Kangaloon
11357,East Kempsey
11358,East Killara
11359,East Kurrajong
11360,East Lindfield
11361,East Lismore
11362,East Lynne
11363,East Maitland
11364,East Ryde
11365,East Seaham
11366,East Tamworth
11367,East Wagga Wagga
11368,East Wardell
11369,Eastern Creek
11370,Eastgardens
11371,Eastlakes
11372,Eastwood
11373,Eatonsville
11374,Ebenezer
11375,Ebor
11376,Eccleston
11377,Edderton
11378,Eden
11379,Eden Creek
11380,Edensor Park
11381,Edenville
11382,Edgecliff
11383,Edgeroi
11384,Edgeworth
11385,Edith
11386,Edmondson Park
11387,Edrom
11388,Eenaweena
11389,Eglinton
11390,Eighteen Mile
11391,Elands
11392,Elanora Heights
11393,Elcombe
11394,Elderslie (Camden - NSW)
11395,Elderslie (Singleton - NSW)
11396,Eleebana
11397,Elermore Vale
11398,Elizabeth Bay
11399,Elizabeth Beach
11400,Elizabeth Hills
11401,Ellalong
11402,Elland
11403,Ellangowan
11404,Ellenborough
11405,Ellerslie (Snowy Valleys - NSW)
11406,Ellerslie (Wentworth - NSW)
11407,Ellerston
11408,Ellis Lane
11409,Elong Elong
11410,Elrington
11411,Elsmore
11412,Eltham
11413,Elvina Bay
11414,Emerald Beach
11415,Emerald Hill
11416,Emerton
11417,Emmaville
11418,Empire Bay
11419,Empire Vale
11420,Emu Heights
11421,Emu Plains
11422,Emu Swamp
11423,Endrick
11424,Enfield
11425,Engadine
11426,Englorie Park
11427,Enmore (Armidale Regional - NSW)
11428,Enmore (Inner West - NSW)
11429,Enngonia
11430,Environa
11431,Epping
11432,Eraring
11433,Eremerang
11434,Erigolia
11435,Erin Vale
11436,Erina
11437,Erina Heights
11438,Ermington
11439,Erowal Bay
11440,Errowanbang
11441,Erskine Park
11442,Erskineville
11443,Erudgere
11444,Eschol Park
11445,Esk
11446,Essington
11447,Estella
11448,Ettalong Beach
11449,Ettamogah
11450,Ettrema
11451,Ettrick
11452,Euabalong
11453,Euabalong West
11454,Euberta
11455,Euchareena
11456,Eucumbene
11457,Eugowra
11458,Eulah Creek
11459,Eumungerie
11460,Eunanoreenya
11461,Eungai Creek
11462,Eungai Rail
11463,Eungella
11464,Eureka
11465,Eurimbla
11466,Eurobodalla
11467,Euroka
11468,Euroley
11469,Eurongilly
11470,Eurunderee
11471,Euston
11472,Evans Head
11473,Evans Plains
11474,Eveleigh
11475,Eviron
11476,Ewingar
11477,Ewingsdale
11478,Exeter
11479,Failford
11480,Fairfield
11481,Fairfield East
11482,Fairfield Heights
11483,Fairfield West
11484,Fairholme
11485,Fairlight
11486,Fairy Hill
11487,Fairy Meadow
11488,Falbrook
11489,Falconer
11490,Falls Creek
11491,Far Meadow
11492,Fargunyah
11493,Farley
11494,Farmborough Heights
11495,Farnham
11496,Farrants Hill
11497,Farringdon
11498,Fassifern
11499,Faulconbridge
11500,Faulkland
11501,Fawcetts Plain
11502,Federal
11503,Fennell Bay
11504,Fern Bay
11505,Fern Gully
11506,Fernances
11507,Fernances Crossing
11508,Fernbank Creek
11509,Fernbrook
11510,Fernhill
11511,Fernleigh
11512,Fernmount
11513,Fernside
11514,Fernvale
11515,Ferodale
11516,Fiddletown
11517,Fifield
11518,Figtree
11519,Findon Creek
11520,Fine Flower
11521,Fingal Bay
11522,Fingal Head
11523,Finley
11524,Firefly
11525,Fishermans Bay
11526,Fishermans Paradise
11527,Fishermans Reach
11528,Fishers Hill
11529,Fishing Point
11530,Fitzgeralds Mount
11531,Fitzgeralds Valley
11532,Fitzroy Falls
11533,Five Dock
11534,Five Ways
11535,Flat Tops
11536,Fletcher
11537,Flinders
11538,Floraville
11539,Forbes
11540,Forbes Creek
11541,Forbes River
11542,Forbesdale
11543,Fords Bridge
11544,Fordwich
11545,Forest Glen
11546,Forest Grove
11547,Forest Hill
11548,Forest Land
11549,Forest Lodge
11550,Forest Reefs
11551,Forestville
11552,Forresters Beach
11553,Forster
11554,Fortis Creek
11555,Fosters Valley
11556,Fosterton
11557,Fountaindale
11558,Four Corners
11559,Four Mile Creek
11560,Fowlers Gap
11561,Foxground
11562,Frazer Park
11563,Frazers Creek
11564,Frederickton
11565,Freeburn Island
11566,Freemans
11567,Freemans Reach
11568,Freemans Waterhole
11569,Freemantle
11570,French Park
11571,Frenchs Forest
11572,Freshwater
11573,Frog Rock
11574,Frogmore
11575,Frogs Hollow
11576,Frying Pan
11577,Fullerton
11578,Fullerton Cove
11579,Furracabad
11580,Gables
11581,Gadara
11582,Gala Vale
11583,Galambine
11584,Galong
11585,Galore
11586,Galston
11587,Ganbenang
11588,Gangat
11589,Ganmain
11590,Garah
11591,Garden Suburb
11592,Garema
11593,Garland
11594,Garland Valley
11595,Garoo
11596,Garra
11597,Garthowen
11598,Gateshead
11599,Gearys Flat
11600,Geehi
11601,Gelston Park
11602,Gemalla
11603,Geneva
11604,Georges Creek
11605,Georges Hall
11606,Georges Plains
11607,Georgetown
11608,Georgica
11609,Gerogery
11610,Gerringong
11611,Gerroa
11612,Geurie
11613,Ghinni Ghi
11614,Ghinni Ghinni
11615,Ghoolendaadi
11616,Giants Creek
11617,Gibberagee
11618,Gibraltar Range
11619,Gidginbung
11620,Gidley
11621,Gilead
11622,Gilgai
11623,Gilgandra
11624,Gilgooma
11625,Gilgunnia
11626,Gillenbah
11627,Gilletts Ridge
11628,Gillieston Heights
11629,Gilmandyke
11630,Gilmore
11631,Gin Gin
11632,Gineroi
11633,Ginghi
11634,Gingkin
11635,Girards Hill
11636,Girilambone
11637,Giro
11638,Girral
11639,Girralong
11640,Girraween
11641,Girvan
11642,Gladesville
11643,Gladstone
11644,Glanmire
11645,Glebe
11646,Gledswood Hills
11647,Glen Alice
11648,Glen Allen
11649,Glen Alpine
11650,Glen Davis
11651,Glen Elgin
11652,Glen Fergus
11653,Glen Innes
11654,Glen Martin
11655,Glen Nevis
11656,Glen Oak
11657,Glen Ward
11658,Glen William
11659,Glenbawn
11660,Glenbrook
11661,Glencoe
11662,Glendale
11663,Glendenning
11664,Glendon
11665,Glendon Brook
11666,Glenelg
11667,Glenellen
11668,Glenfield
11669,Glenfield Park
11670,Glengarrie
11671,Glenhaven
11672,Gleniffer
11673,Glenmore
11674,Glenmore Park
11675,Glennies Creek
11676,Glenning Valley
11677,Glenorie
11678,Glenquarry
11679,Glenreagh
11680,Glenridding
11681,Glenrock
11682,Glenroy (Albury - NSW)
11683,Glenroy (Snowy Valleys - NSW)
11684,Glenthorne
11685,Glenugie
11686,Glenwood
11687,Glenworth Valley
11688,Glossodia
11689,Gloucester
11690,Gloucester Tops
11691,Goat Island
11692,Gobarralong
11693,Gobbagombalin
11694,Gocup
11695,Godfreys Creek
11696,Gogeldrie
11697,Gol Gol
11698,Gollan
11699,Golspie
11700,Gongolgon
11701,Gonn
11702,Gooandra
11703,Goobarragandra
11704,Good Forest
11705,Good Hope
11706,Goodmans Ford
11707,Goodnight
11708,Goodooga
11709,Goodwood Island
11710,Googong
11711,Goolgowi
11712,Goolhi
11713,Goolma
11714,Goolmangar
11715,Gooloogong
11716,Goombargana
11717,Goonellabah
11718,Goonengerry
11719,Goonoo Forest
11720,Goonoo Goonoo
11721,Goonumbla
11722,Goorangoola
11723,Goorianawa
11724,Gordon
11725,Gorge Creek
11726,Gormans Hill
11727,Gorokan
11728,Gosford
11729,Gosforth
11730,Gostwyck
11731,Goulburn
11732,Gouldsville
11733,Gowan
11734,Gowang
11735,Gowrie (Singleton - NSW)
11736,Gowrie (Tamworth Regional - NSW)
11737,Grabben Gullen
11738,Gradys Creek
11739,Grafton
11740,Gragin
11741,Grahamstown
11742,Graman
11743,Grantham Farm
11744,Grants Beach
11745,Granville
11746,Grasmere
11747,Grassy Head
11748,Grattai
11749,Gravesend
11750,Grays Point
11751,Great Mackerel Beach
11752,Great Marlow
11753,Green Cape
11754,Green Creek
11755,Green Forest
11756,Green Gully
11757,Green Hills (Armidale Regional - NSW)
11758,Green Hills (Snowy Valleys - NSW)
11759,Green Pigeon
11760,Green Point (Central Coast - NSW)
11761,Green Point (Mid-Coast - NSW)
11762,Green Valley
11763,Greenacre
11764,Greendale (Bega Valley - NSW)
11765,Greendale (Liverpool - NSW)
11766,Greenethorpe
11767,Greenfield Park
11768,Greengrove
11769,Greenhill
11770,Greenhills Beach
11771,Greenlands (Singleton - NSW)
11772,Greenlands (Snowy Monaro Regional - NSW)
11773,Greenleigh
11774,Greenridge
11775,Greenwell Point
11776,Greenwich
11777,Greenwich Park
11778,Greg Greg
11779,Gregadoo
11780,Gregory Hills
11781,Greigs Flat
11782,Grenfell
11783,Gresford
11784,Greta
11785,Greta Main
11786,Grevillia
11787,Greystanes
11788,Griffith
11789,Grogan
11790,Grong Grong
11791,Grose Vale
11792,Grose Wold
11793,Grosses Plain
11794,Growee
11795,Guerilla Bay
11796,Guildford
11797,Guildford West
11798,Gulargambone
11799,Gulf Creek
11800,Gulgong
11801,Gulmarrad
11802,Gum Flat
11803,Gum Scrub
11804,Gumbalie
11805,Gumble
11806,Gumly Gumly
11807,Gumma
11808,Gunbar
11809,Gundagai
11810,Gundamulda
11811,Gundaroo
11812,Gundary
11813,Gunderbooka
11814,Gunderman
11815,Gundy
11816,Gungal
11817,Gungalman
11818,Gunnedah
11819,Gunning
11820,Gunning Gap
11821,Gunningbland
11822,Gunningrah
11823,Guntawang
11824,Gurley
11825,Gurnang
11826,Gurranang
11827,Gurrundah
11828,Guyong
11829,Guyra
11830,Gwabegar
11831,Gwandalan
11832,Gwynneville
11833,Gymea
11834,Gymea Bay
11835,Haberfield
11836,Hacks Ferry
11837,Halekulani
11838,Halfway Creek
11839,Hallidays Point
11840,Halloran
11841,Halls Creek
11842,Hallsville
11843,Halton
11844,Hambledon Hill
11845,Hamilton
11846,Hamilton East
11847,Hamilton North
11848,Hamilton South
11849,Hamilton Valley
11850,Hamlyn Terrace
11851,Hammondville
11852,Hampden Hall
11853,Hampton
11854,Hanging Rock
11855,Hanleys Creek
11856,Hannam Vale
11857,Hanwood
11858,Harden
11859,Hardys Bay
11860,Harefield
11861,Hargraves
11862,Harolds Cross
11863,Harparary
11864,Harpers Hill
11865,Harrington
11866,Harrington Park
11867,Harris Park
11868,Hartley
11869,Hartley Vale
11870,Hartwood
11871,Hartys Plains
11872,Harwood
11873,Hassall Grove
11874,Hassans Walls
11875,Hastings Point
11876,Hat Head
11877,Hatfield
11878,Havilah
11879,Hawkesbury Heights
11880,Hawks Nest
11881,Hay
11882,Hay South
11883,Hayes Gap
11884,Haymarket
11885,Haystack
11886,Hayters Hill
11887,Haywards Bay
11888,Hazelbrook
11889,Hazelgrove
11890,Heathcote
11891,Heatherbrae
11892,Hebden
11893,Hebersham
11894,Heckenberg
11895,Heddon Greta
11896,Heifer Station
11897,Helensburgh
11898,Henley
11899,Henty
11900,Hereford Hall
11901,Hermidale
11902,Hermitage Flat
11903,Hernani
11904,Herons Creek
11905,Hexham
11906,Hickeys Creek
11907,High Range
11908,Higher Macdonald
11909,Highfields
11910,Hill End
11911,Hill Top (Snowy Monaro Regional - NSW)
11912,Hill Top (Wingecarribee - NSW)
11913,Hilldale
11914,Hillgrove (Armidale Regional - NSW)
11915,Hillgrove (Wagga Wagga - NSW)
11916,Hillsborough (Lake Macquarie - NSW)
11917,Hillsborough (Maitland - NSW)
11918,Hillsdale
11919,Hillston
11920,Hillville
11921,Hillvue
11922,Hinchinbrook
11923,Hinton
11924,Hobartville
11925,Hobbys Yards
11926,Hogarth Range
11927,Holbrook
11928,Holgate
11929,Hollisdale
11930,Hollydeen
11931,Holmesville
11932,Holroyd
11933,Holsworthy
11934,Holts Flat
11935,Home Rule
11936,Homebush
11937,Homebush West
11938,Homeleigh
11939,Honeybugle
11940,Hopefield
11941,Hopkins Creek
11942,Horningsea Park
11943,Hornsby
11944,Hornsby Heights
11945,Horse Station Creek
11946,Horseshoe Bend
11947,Horseshoe Creek
11948,Horsfield Bay
11949,Horsley
11950,Horsley Park
11951,Hoskinstown
11952,Hovells Creek
11953,Howards Grass
11954,Howell
11955,Howes Valley
11956,Howick
11957,Howlong
11958,Hoxton Park
11959,Humula
11960,Hungerford
11961,Hunters Hill
11962,Hunterview
11963,Huntingdon
11964,Huntingwood
11965,Huntley (Orange - NSW)
11966,Huntley (Wollongong - NSW)
11967,Huntleys Cove
11968,Huntleys Point
11969,Huonbrook
11970,Hurlstone Park
11971,Hurstville
11972,Hurstville Grove
11973,Huskisson
11974,Hyams Beach
11975,Hydes Creek
11976,Hyland Park
11977,Hyndmans Creek
11978,Ilarwill
11979,Ilford
11980,Illabo
11981,Illaroo
11982,Illawong
11983,Iluka
11984,Indi
11985,Ingebirah
11986,Ingeegoodbee
11987,Ingleburn
11988,Ingleside
11989,Innes View
11990,Inverell
11991,Invergordon
11992,Invergowrie
11993,Iron Pot Creek
11994,Ironbark
11995,Ironmungy
11996,Irvington
11997,Irymple
11998,Isabella
11999,Islington
12000,Ivanhoe
12001,Jackadgery
12002,Jacks Creek
12003,Jacksons Flat
12004,Jacky Bulbin Flat
12005,Jagumba
12006,Jagungal Wilderness
12007,Jamberoo
12008,James Creek
12009,Jamisontown
12010,Jannali
12011,Jaspers Brush
12012,Jaunter
12013,Jeir
12014,Jellat Jellat
12015,Jemalong
12016,Jembaicumbene
12017,Jennings
12018,Jenolan
12019,Jeogla
12020,Jerangle
12021,Jeremadra
12022,Jeremy
12023,Jerilderie
12024,Jerrabattgulla
12025,Jerrabomberra
12026,Jerrara
12027,Jerrawa
12028,Jerrawangala
12029,Jerrong
12030,Jerrys Plains
12031,Jerseyville
12032,Jesmond
12033,Jewells
12034,Jews Lagoon
12035,Jiggi
12036,Jilliby
12037,Jimenbuen
12038,Jincumbilly
12039,Jindabyne
12040,Jinden
12041,Jindera
12042,Jingellic
12043,Jingera
12044,Joadja
12045,Joes Box
12046,Johns River
12047,Jolly Nose
12048,Jones Bridge
12049,Jones Island
12050,Jordan Springs
12051,Judds Creek
12052,Jugiong
12053,Junction Hill
12054,Junee
12055,Junee Reefs
12056,Kahibah
12057,Kains Flat
12058,Kalang
12059,Kalaru
12060,Kalkite
12061,Kamarah
12062,Kameruka
12063,Kanahooka
12064,Kanangra
12065,Kandos
12066,Kangaloon
12067,Kangaroo Creek
12068,Kangaroo Point
12069,Kangaroo Valley
12070,Kangaroobie
12071,Kangiara
12072,Kangy Angy
12073,Kanimbla
12074,Kanoona
12075,Kanwal
12076,Kapooka
12077,Kaputar
12078,Karaak Flat
12079,Karabar
12080,Karangi
12081,Kareela
12082,Kariong
12083,Kars Springs
12084,Karuah
12085,Katoomba
12086,Kayuga
12087,Kearns
12088,Kearsley
12089,Keepit
12090,Keera
12091,Keerrong
12092,Keinbah
12093,Keiraville
12094,Keith Hall
12095,Kellys Plains
12096,Kellyville
12097,Kellyville Ridge
12098,Kelso
12099,Kelvin
12100,Kembla Grange
12101,Kembla Heights
12102,Kemps Creek
12103,Kempsey
12104,Kendall
12105,Kenebri
12106,Kennaicle Creek
12107,Kensington
12108,Kenthurst
12109,Kentlyn
12110,Kentucky
12111,Kentucky South
12112,Kerewong
12113,Keri Keri
12114,Kerrabee
12115,Kerrigundi
12116,Kerrs Creek
12117,Kew
12118,Keybarbin
12119,Khancoban
12120,Khatambuhl
12121,Kia Ora
12122,Kiacatoo
12123,Kiah
12124,Kiama
12125,Kiama Downs
12126,Kiama Heights
12127,Kianga
12128,Kiar
12129,Kickabil
12130,Kielvale
12131,Kikiamah
12132,Kikoira
12133,Kilaben Bay
12134,Kilgin
12135,Kilgra
12136,Killabakh
12137,Killara
12138,Killarney Heights
12139,Killarney Vale
12140,Killawarra
12141,Killcare
12142,Killcare Heights
12143,Killiekrankie
12144,Killimicat
12145,Killingworth
12146,Killongbutta
12147,Kimbriki
12148,Kinchela
12149,Kincumber
12150,Kincumber South
12151,Kindee
12152,Kindervale
12153,King Creek
12154,Kingfisher Shores
12155,Kinghorne
12156,Kings Forest
12157,Kings Langley
12158,Kings Park
12159,Kings Plains (Blayney - NSW)
12160,Kings Plains (Inverell - NSW)
12161,Kings Point
12162,Kingscliff
12163,Kingsdale
12164,Kingsford
12165,Kingsgate
12166,Kingsgrove
12167,Kingsland
12168,Kingstown
12169,Kingsvale
12170,Kingswood (Bega Valley - NSW)
12171,Kingswood (Penrith - NSW)
12172,Kingswood (Tamworth Regional - NSW)
12173,Kinvara
12174,Kioloa
12175,Kiora
12176,Kippara
12177,Kippaxs
12178,Kippenduff
12179,Kirkconnell
12180,Kirkham
12181,Kirrawee
12182,Kirribilli
12183,Kitchener
12184,Kiwarrak
12185,Klori
12186,Knights Hill
12187,Knockrow
12188,Knorrit Flat
12189,Knorrit Forest
12190,Kogarah
12191,Kogarah Bay
12192,Kooba
12193,Kookabookra
12194,Koolewong
12195,Koolkhan
12196,Koonawarra
12197,Koonorigan
12198,Koonyum Range
12199,Kooragang
12200,Koorainghat
12201,Koorawatha
12202,Kooringal
12203,Kootingal
12204,Koraleigh
12205,Koreelah
12206,Korora
12207,Kosciuszko
12208,Kotara
12209,Kotara South
12210,Krambach
12211,Krawarree
12212,Kremnos
12213,Ku-ring-gai Chase
12214,Kulnura
12215,Kulwin
12216,Kunama
12217,Kundabung
12218,Kundibakh
12219,Kundle Kundle
12220,Kungala
12221,Kunghur
12222,Kunghur Creek
12223,Kurmond
12224,Kurnell
12225,Kurraba Point
12226,Kurrajong
12227,Kurrajong Heights
12228,Kurrajong Hills
12229,Kurri Kurri
12230,Kyalite
12231,Kyarran
12232,Kybeyan
12233,Kyeamba
12234,Kyeemagh
12235,Kyle Bay
12236,Kynnumboon
12237,Kyogle
12238,La Perouse
12239,Lacmalac
12240,Lade Vale
12241,Ladysmith
12242,Laffing Waters
12243,Laggan
12244,Lagoon Grass
12245,Laguna
12246,Lake Albert
12247,Lake Bathurst
12248,Lake Brewster
12249,Lake Burrendong
12250,Lake Cargelligo
12251,Lake Cathie
12252,Lake Conjola
12253,Lake Cowal
12254,Lake George
12255,Lake Haven
12256,Lake Heights
12257,Lake Hiawatha
12258,Lake Hume Village
12259,Lake Illawarra
12260,Lake Innes
12261,Lake Macquarie
12262,Lake Munmorah
12263,Lake Tabourie
12264,Lake Wyangan
12265,Lakelands
12266,Lakemba
12267,Lakesland
12268,Lakewood
12269,Lalalty
12270,Lalor Park
12271,Lambs Valley (Glen Innes Severn - NSW)
12272,Lambs Valley (Singleton - NSW)
12273,Lambton
12274,Landervale
12275,Lane Cove
12276,Lane Cove North
12277,Lane Cove West
12278,Langley Vale
12279,Lanitza
12280,Lankeys Creek
12281,Lansdowne (Canterbury-Bankstown - NSW)
12282,Lansdowne (Mid-Coast - NSW)
12283,Lansdowne Forest
12284,Lansvale
12285,Lapstone
12286,Larbert
12287,Largs
12288,Larnook
12289,Larras Lee
12290,Laughtondale
12291,Laurel Hill
12292,Laurieton
12293,Lavadia
12294,Lavender Bay
12295,Laverstock
12296,Lavington
12297,Lawrence
12298,Lawson
12299,Leadville
12300,Leconfield
12301,Lee Creek
12302,Leeton
12303,Leets Vale
12304,Leeville
12305,Legume
12306,Leichhardt
12307,Lemington
12308,Lemon Tree
12309,Lemon Tree Passage
12310,Len Waters Estate
12311,Lenaghan
12312,Lennox Head
12313,Leonay
12314,Leppington
12315,Lerida
12316,Lethbridge Park
12317,Leumeah
12318,Leura
12319,Levenstrath
12320,Lewinsbrook
12321,Lewis Ponds
12322,Lewisham
12323,Leycester
12324,Liberty Grove
12325,Lidcombe
12326,Liddell
12327,Lidsdale
12328,Lidster
12329,Lightning Ridge
12330,Lilli Pilli (Eurobodalla - NSW)
12331,Lilli Pilli (Sutherland Shire - NSW)
12332,Lillian Rock
12333,Lilydale
12334,Lilyfield
12335,Lilyvale
12336,Limbri
12337,Limeburners Creek (Mid-Coast - NSW)
12338,Limeburners Creek (Port Macquarie-Hastings - NSW)
12339,Limekilns
12340,Limerick
12341,Limestone
12342,Limpinwood
12343,Linburn
12344,Linden
12345,Lindendale
12346,Lindesay
12347,Lindesay Creek
12348,Lindfield
12349,Lindifferon
12350,Linley Point
12351,Lionsville
12352,Lisarow
12353,Lismore
12354,Lismore Heights
12355,Liston
12356,Lithgow
12357,Little Back Creek
12358,Little Bay
12359,Little Billabong
12360,Little Forest
12361,Little Hartley
12362,Little Jacks Creek
12363,Little Jilliby
12364,Little Pelican
12365,Little Plain
12366,Little River
12367,Little Topar
12368,Little Wobby
12369,Littleton
12370,Liverpool
12371,Llanarth
12372,Llandilo
12373,Llangothlin
12374,Lloyd
12375,Loadstone
12376,Lochiel
12377,Lochinvar
12378,Lockhart
12379,Locksley
12380,Loftus
12381,Loftville
12382,Logans Crossing
12383,Logie Brae
12384,Londonderry
12385,Long Beach
12386,Long Flat
12387,Long Jetty
12388,Long Plain (Inverell - NSW)
12389,Long Plain (Snowy Monaro Regional - NSW)
12390,Long Point (Campbelltown - NSW)
12391,Long Point (Singleton - NSW)
12392,Longarm
12393,Longreach
12394,Longueville
12395,Loomberah
12396,Lord Howe Island
12397,Lords Hill
12398,Lorn
12399,Lorne
12400,Lost River
12401,Lostock
12402,Louisa Creek
12403,Louth
12404,Louth Park
12405,Lovedale
12406,Lovett Bay
12407,Lowanna
12408,Lower Acacia Creek
12409,Lower Bago
12410,Lower Belford
12411,Lower Boro
12412,Lower Bottle Creek
12413,Lower Creek
12414,Lower Duck Creek
12415,Lower Dyraaba
12416,Lower Lewis Ponds
12417,Lower Macdonald
12418,Lower Mangrove
12419,Lower Pappinbarra
12420,Lower Peacock
12421,Lower Portland
12422,Lower Southgate
12423,Lowesdale
12424,Lowther
12425,Loxford
12426,Lucas Heights
12427,Lucknow
12428,Luddenham
12429,Lue
12430,Lugarno
12431,Lurnea
12432,Luskintyre
12433,Lynchs Creek
12434,Lyndhurst (Armidale Regional - NSW)
12435,Lyndhurst (Blayney - NSW)
12436,Lynwood
12437,Mabins Well
12438,Macdonalds Creek
12439,Macksville
12440,Maclean
12441,Macmasters Beach
12442,Macquarie Fields
12443,Macquarie Hills
12444,Macquarie Links
12445,Macquarie Marshes
12446,Macquarie Park
12447,Macquarie Pass
12448,Maddens Plains
12449,Maffra
12450,Magenta
12451,Magometon
12452,Maianbar
12453,Maimuru
12454,Main Arm
12455,Main Creek
12456,Mairjimmy
12457,Maison Dieu
12458,Maitland
12459,Maitland Bar
12460,Maitland Vale
12461,Majors Creek
12462,Malabar
12463,Malabugilmah
12464,Maldon
12465,Mallabula
12466,Mallan
12467,Mallanganee
12468,Mallee
12469,Mallowa
12470,Maloneys Beach
12471,Malua Bay
12472,Manar
12473,Manchester Square
12474,Mandagery
12475,Mandalong
12476,Mandemar
12477,Mandurama
12478,Mangerton
12479,Mangoola
12480,Mangoplah
12481,Mangrove Creek
12482,Mangrove Mountain
12483,Manildra
12484,Manilla
12485,Manly
12486,Manly Vale
12487,Mannering Park
12488,Manning Point
12489,Mannus
12490,Manobalai
12491,Manton
12492,Manyana
12493,Maragle
12494,Maraylya
12495,Marayong
12496,March
12497,Marchmont
12498,Mardi
12499,Marengo
12500,Mares Run
12501,Marinna
12502,Marks Point
12503,Markwell
12504,Marlee
12505,Marlo Merrican
12506,Marlow
12507,Marlowe
12508,Marmong Point
12509,Marom Creek
12510,Maroota
12511,Maroubra
12512,Marrangaroo
12513,Marrar
12514,Marrickville
12515,Marsden Park
12516,Marsfield
12517,Marshall Mount
12518,Marshdale
12519,Marthaguy
12520,Martindale
12521,Martins Creek
12522,Martinsville
12523,Marulan
12524,Maryland (Newcastle - NSW)
12525,Maryland (Tenterfield - NSW)
12526,Marys Mount
12527,Maryvale
12528,Maryville
12529,Mascot
12530,Matcham
12531,Matheson
12532,Mathoura
12533,Matong
12534,Matraville
12535,Maude
12536,Maules Creek
12537,Maxwell
12538,Maybole
12539,Mayers Flat
12540,Mayfield (Newcastle - NSW)
12541,Mayfield (Oberon - NSW)
12542,Mayfield (Queanbeyan-Palerang Regional - NSW)
12543,Mayfield (Shoalhaven - NSW)
12544,Mayfield East
12545,Mayfield North
12546,Mayfield West
12547,Mayrung
12548,Mays Hill
12549,Mayvale
12550,McCullys Gap
12551,McDougalls Hill
12552,McGraths Hill
12553,McKees Hill
12554,McKellars Park
12555,McLeans Ridges
12556,McLeods Shoot
12557,McMahons Point
12558,McMahons Reef
12559,Meadow Flat
12560,Meadowbank
12561,Mebbin
12562,Mebul
12563,Medlow Bath
12564,Medowie
12565,Medway
12566,Meerschaum Vale
12567,Megalong Valley
12568,Megan
12569,Melbergen
12570,Melinga
12571,Mellong
12572,Mellool
12573,Melonba
12574,Melrose Park
12575,Melville
12576,Memagong
12577,Menah
12578,Menai
12579,Menangle
12580,Menangle Park
12581,Mendooran
12582,Menindee
12583,Merah North
12584,Merewether
12585,Merewether Heights
12586,Merimbula
12587,Meringo
12588,Mernot
12589,Meroo
12590,Meroo Meadow
12591,Merotherie
12592,Merriangaah
12593,Merricumbene
12594,Merrigal
12595,Merrill
12596,Merriwa
12597,Merriwagga
12598,Merrygoen
12599,Merrylands
12600,Merrylands West
12601,Merungle Hill
12602,Meryla
12603,Metford
12604,Methul
12605,Metz
12606,Miamley
12607,Miandetta
12608,Micalo Island
12609,Michelago
12610,Middle Arm
12611,Middle Brook
12612,Middle Brother
12613,Middle Cove
12614,Middle Dural
12615,Middle Falbrook
12616,Middle Flat
12617,Middle Pocket
12618,Middleton Grange
12619,Middlingbank
12620,Midginbil
12621,Mihi
12622,Mila
12623,Milbrodale
12624,Milbrulong
12625,Milkers Flat
12626,Millah Murrah
12627,Millbank
12628,Miller
12629,Millers Forest
12630,Millers Point
12631,Millfield
12632,Millie
12633,Millingandi
12634,Millthorpe
12635,Milparinka
12636,Milperra
12637,Milroy (Gunnedah - NSW)
12638,Milroy (Mid-Western Regional - NSW)
12639,Milsons Passage
12640,Milsons Point
12641,Milton
12642,Milvale
12643,Mimosa
12644,Minchinbury
12645,Mindaribba
12646,Mingoola
12647,Minimbah
12648,Minjary
12649,Minmi
12650,Minnamurra
12651,Minnie Water
12652,Minore
12653,Minto
12654,Minto Heights
12655,Mirador
12656,Miranda
12657,Mirannie
12658,Mirrabooka
12659,Mirrool
12660,Missabotti
12661,Mitchell
12662,Mitchells Flat
12663,Mitchells Island
12664,Mittagong
12665,Moama
12666,Modanville
12667,Mogareeka
12668,Mogendoura
12669,Moggs Swamp
12670,Mogilla
12671,Mogo (Eurobodalla - NSW)
12672,Mogo (Mid-Western Regional - NSW)
12673,Mogo Creek
12674,Mogood
12675,Mograni
12676,Mogriguy
12677,Mole River
12678,Moleville Creek
12679,Mollyan
12680,Mollymook
12681,Mollymook Beach
12682,Molong
12683,Mona Vale
12684,Monak
12685,Monaltrie
12686,Mondayong
12687,Mondrook
12688,Monga
12689,Mongarlowe
12690,Mongogarie
12691,Monia Gap
12692,Monivae
12693,Monkerai
12694,Monteagle
12695,Montecollum
12696,Montefiores
12697,Monterey
12698,Mooball
12699,Moobi
12700,Moogem
12701,Mookerawa
12702,Mookima Wybra
12703,Moolarben
12704,Moollattoo
12705,Moolpa
12706,Moombooldool
12707,Moonan Brook
12708,Moonan Flat
12709,Moonbah
12710,Moonbi
12711,Moonbria
12712,Mooneba
12713,Moonee
12714,Moonee Beach
12715,Mooney Mooney
12716,Mooney Mooney Creek
12717,Moonpar
12718,Mooral Creek
12719,Moorara
12720,Moorbel
12721,Moore Creek
12722,Moore Park
12723,Moorebank
12724,Moorilda
12725,Moorland
12726,Moorong
12727,Moorwatha
12728,Moparrabah
12729,Moppy
12730,Morago
12731,Morangarell
12732,Morans Crossing
12733,Moree
12734,Morisset
12735,Morisset Park
12736,Morning Bay
12737,Mororo
12738,Morpeth
12739,Mortdale
12740,Mortlake
12741,Morton
12742,Mortons Creek
12743,Morts Estate
12744,Morundah
12745,Moruya
12746,Moruya Heads
12747,Morven (Glen Innes Severn - NSW)
12748,Morven (Greater Hume Shire - NSW)
12749,Mosman
12750,Moss Vale
12751,Mossgiel
12752,Mossy Point
12753,Moto
12754,Moulamein
12755,Mount Adrah
12756,Mount Annan
12757,Mount Aquila
12758,Mount Arthur
12759,Mount Austin
12760,Mount Burrell
12761,Mount Colah
12762,Mount Collins
12763,Mount Cooper
12764,Mount Darragh
12765,Mount David
12766,Mount Dee
12767,Mount Druitt
12768,Mount Elliot
12769,Mount Fairy
12770,Mount Foster
12771,Mount Frome
12772,Mount George
12773,Mount Harris
12774,Mount Hope
12775,Mount Horeb
12776,Mount Hunter
12777,Mount Hutton
12778,Mount Irvine
12779,Mount Keira
12780,Mount Kembla
12781,Mount Kingiman
12782,Mount Knowles
12783,Mount Kuring-Gai
12784,Mount Lambie
12785,Mount Lewis
12786,Mount Lindsey
12787,Mount Marsden
12788,Mount Marsh
12789,Mount Mitchell
12790,Mount Murray
12791,Mount Olive (Oberon - NSW)
12792,Mount Olive (Singleton - NSW)
12793,Mount Ousley
12794,Mount Panorama
12795,Mount Pleasant
12796,Mount Pritchard
12797,Mount Rankin
12798,Mount Rivers
12799,Mount Riverview
12800,Mount Royal
12801,Mount Russell
12802,Mount Saint Thomas
12803,Mount Seaview
12804,Mount Tenandra
12805,Mount Thorley
12806,Mount Tomah
12807,Mount Vernon
12808,Mount Victoria
12809,Mount View
12810,Mount Vincent
12811,Mount Warning
12812,Mount Warrigal
12813,Mount Werong
12814,Mount White
12815,Mount Wilson
12816,Mountain Creek
12817,Mountain Lagoon
12818,Mountain Top
12819,Mountain View
12820,Mourquong
12821,Mowbray Park
12822,Mozart
12823,Mudgee
12824,Mulbring
12825,Mulgoa
12826,Mulgrave
12827,Mulguthrie
12828,Muli Muli
12829,Mulla
12830,Mulla Creek
12831,Mullaley
12832,Mullamuddy
12833,Mullaway
12834,Mullengandra
12835,Mullengudgery
12836,Mullion
12837,Mullion Creek
12838,Mulloon
12839,Mullumbimby
12840,Mullumbimby Creek
12841,Mulwala
12842,Mulyandry
12843,Mumbil
12844,Mumblebone Plain
12845,Mumbulla Mountain
12846,Mummel
12847,Mummulgum
12848,Mundamia
12849,Mundarlo
12850,Munderoo
12851,Mundongo
12852,Mungay Creek
12853,Munghorn
12854,Mungindi
12855,Mungo
12856,Mungo Brush
12857,Munni
12858,Munyabla
12859,Murga
12860,Murrah
12861,Murrami
12862,Murrawombie
12863,Murray Downs
12864,Murray Gorge
12865,Murrays Beach
12866,Murrays Run
12867,Murrengenburg
12868,Murrin Bridge
12869,Murringo
12870,Murrulebale
12871,Murrumbateman
12872,Murrumbo
12873,Murrumbucca
12874,Murrumburrah
12875,Murrurundi
12876,Murulla
12877,Murwillumbah
12878,Muscle Creek
12879,Muswellbrook
12880,Mutawintji
12881,Muttama
12882,Myall Creek
12883,Myall Lake
12884,Myall Park
12885,Myalla
12886,Mylestom
12887,Mylneford
12888,Myocum
12889,Myola
12890,Myrtle Creek
12891,Myrtle Mountain
12892,Myrtle Park
12893,Myrtleville
12894,Mystery Bay
12895,Myuna Bay
12896,Nabiac
12897,Nadgee
12898,Nambucca Heads
12899,Namoi River
12900,Nana Glen
12901,Nangus
12902,Nanima
12903,Napoleon Reef
12904,Naradhan
12905,Narara
12906,Narellan
12907,Narellan Vale
12908,Naremburn
12909,Narooma
12910,Narrabarba
12911,Narrabeen
12912,Narrabri
12913,Narraburra
12914,Narran Lake
12915,Narrandera
12916,Narrangullen
12917,Narrawa
12918,Narrawallee
12919,Narraweena
12920,Narromine
12921,Narwee
12922,Nashdale
12923,Nashua
12924,Nattai
12925,Naughtons Gap
12926,Neath
12927,Nebea
12928,Neilrex
12929,Nelligen
12930,Nelson (Bega Valley - NSW)
12931,Nelson (The Hills Shire - NSW)
12932,Nelson Bay
12933,Nelsons Plains
12934,Nelungaloo
12935,Nemingha
12936,Nericon
12937,Neringla
12938,Nerong
12939,Nerriga
12940,Nerrigundah
12941,Nethercote
12942,Neurea
12943,Neutral Bay
12944,Never Never
12945,Nevertire
12946,Neville
12947,New Berrima
12948,New Brighton
12949,New Buildings
12950,New Italy
12951,New Lambton
12952,New Lambton Heights
12953,New Mexico
12954,New Park
12955,New Valley
12956,Newbold
12957,Newbridge
12958,Newcastle
12959,Newcastle East
12960,Newcastle West
12961,Newee Creek
12962,Newington
12963,Newnes
12964,Newnes Plateau
12965,Newport
12966,Newrybar
12967,Newstead
12968,Newton Boyd
12969,Newtown
12970,Niagara Park
12971,Niangala
12972,Niemur
12973,Nightcap
12974,Nimbin
12975,Nimmitabel
12976,Nimmo
12977,Nirimba Fields
12978,Nobbys Creek
12979,Nombi
12980,Noona
12981,Noorong
12982,Nooroo
12983,Norah Head
12984,Noraville
12985,Nords Wharf
12986,Normanhurst
12987,North Albury
12988,North Arm
12989,North Arm Cove
12990,North Avoca
12991,North Balgowlah
12992,North Batemans Bay
12993,North Boambee Valley
12994,North Bondi
12995,North Bourke
12996,North Brother
12997,North Casino
12998,North Curl Curl
12999,North Dorrigo
13000,North Epping
13001,North Gosford
13002,North Haven
13003,North Kellyville
13004,North Lambton
13005,North Lismore
13006,North Macksville
13007,North Manly
13008,North Narooma
13009,North Narrabeen
13010,North Nowra
13011,North Parramatta
13012,North Richmond
13013,North Rocks
13014,North Rothbury
13015,North Ryde
13016,North Shore
13017,North St Marys
13018,North Star
13019,North Strathfield
13020,North Sydney
13021,North Tamworth
13022,North Tumbulgum
13023,North Turramurra
13024,North Wagga Wagga
13025,North Wahroonga
13026,North Willoughby
13027,North Wollongong
13028,North Woodburn
13029,North Yalgogrin
13030,North Yeoval
13031,Northangera
13032,Northbridge
13033,Northmead
13034,Northwood
13035,Norway
13036,Norwest
13037,Nowendoc
13038,Nowley
13039,Nowra
13040,Nowra Hill
13041,Nubba
13042,Nulkaba
13043,Nullamanna
13044,Nullica
13045,Nullo Mountain
13046,Numbaa
13047,Number One
13048,Numbla Vale
13049,Numbugga
13050,Numeralla
13051,Numinbah
13052,Numulgi
13053,Nunderi
13054,Nundle
13055,Nungatta
13056,Nungatta South
13057,Nurenmerenmong
13058,Nymagee
13059,Nymboida
13060,Nyngan
13061,Nyora
13062,Nyrang Creek
13063,O'Connell
13064,Oak Flats
13065,Oakdale
13066,Oakey Park
13067,Oakhampton
13068,Oakhampton Heights
13069,Oakhurst
13070,Oaklands
13071,Oakville
13072,Oakwood
13073,Oallen
13074,Oatlands
13075,Oatley
13076,Oban
13077,Obanvale
13078,Oberne Creek
13079,Oberon
13080,Obley
13081,Ocean Shores
13082,Ogunbil
13083,Old Adaminaby
13084,Old Bar
13085,Old Bonalbo
13086,Old Erowal Bay
13087,Old Grevillia
13088,Old Guildford
13089,Old Junee
13090,Old Mill
13091,Old Station
13092,Old Toongabbie
13093,Olinda
13094,Olney
13095,Omadale
13096,One Mile
13097,One Tree
13098,Oolong
13099,Ooma
13100,Ootha
13101,Ophir
13102,Oran Park
13103,Orange
13104,Orange Grove
13105,Orangeville
13106,Orchard Hills
13107,Orient Point
13108,Orton Park
13109,Osborne
13110,Osterley
13111,Oswald
13112,Otford
13113,Oura
13114,Ourimbah
13115,Ournie
13116,Owens Gap
13117,Oxford Falls
13118,Oxley (Balranald - NSW)
13119,Oxley (Warren - NSW)
13120,Oxley Island
13121,Oxley Park
13122,Oxley Vale
13123,Oyster Bay
13124,Oyster Cove
13125,Packsaddle
13126,Paddington
13127,Paddys Flat (Kyogle - NSW)
13128,Paddys Flat (Snowy Monaro Regional - NSW)
13129,Paddys River (Snowy Valleys - NSW)
13130,Paddys River (Wingecarribee - NSW)
13131,Padstow
13132,Padstow Heights
13133,Pagans Flat
13134,Pages Creek
13135,Pages River
13136,Pagewood
13137,Palarang
13138,Palerang
13139,Paling Yards (Bathurst Regional - NSW)
13140,Paling Yards (Oberon - NSW)
13141,Pallal
13142,Pallamallawa
13143,Palm Beach
13144,Palm Grove
13145,Palmdale
13146,Palmers Channel
13147,Palmers Island
13148,Palmers Oaky
13149,Palmvale
13150,Palmwoods
13151,Pambula
13152,Pambula Beach
13153,Pampoolah
13154,Pan Ban
13155,Panania
13156,Pangee
13157,Panuara
13158,Pappinbarra
13159,Para
13160,Paradise
13161,Paringi
13162,Parkes
13163,Parkesbourne
13164,Parklea
13165,Parkville
13166,Parma
13167,Parramatta
13168,Parraweena
13169,Patchs Beach
13170,Paterson
13171,Patonga
13172,Paupong
13173,Paxton
13174,Paynes Crossing
13175,Paytens Bridge
13176,Peacock Creek
13177,Peak Hill
13178,Peak View
13179,Peakhurst
13180,Peakhurst Heights
13181,Pearces Creek
13182,Pearl Beach
13183,Peats Ridge
13184,Pebbly Beach
13185,Peel
13186,Peelwood
13187,Pejar
13188,Pelaw Main
13189,Pelican
13190,Pelton
13191,Pembrooke
13192,Pemulwuy
13193,Pendle Hill
13194,Pennant Hills
13195,Penrith
13196,Penrose
13197,Penshurst
13198,Pericoe
13199,Perisher Valley
13200,Perrys Crossing
13201,Perthville
13202,Petersham
13203,Pheasants Nest
13204,Phegans Bay
13205,Phillip Bay
13206,Phoenix Park
13207,Piallamore
13208,Piallaway
13209,Piambong
13210,Picketts Valley
13211,Picnic Point
13212,Picton
13213,Pigeonbah
13214,Piggabeen
13215,Pikapene
13216,Pillar Valley
13217,Pilliga
13218,Pilot Wilderness
13219,Pimlico
13220,Pimlico Island
13221,Pinbeyan
13222,Pindaroi
13223,Pindimar
13224,Pine Camp
13225,Pine Clump
13226,Pine Grove
13227,Pine Lodge
13228,Pine Ridge
13229,Pine Valley
13230,Piney Range
13231,Pinkett
13232,Pinnacle
13233,Pinnacle Swamp
13234,Pinny Beach
13235,Piora
13236,Pipeclay
13237,Pitnacree
13238,Pitt Town
13239,Pitt Town Bottoms
13240,Pleasant Hills
13241,Pleasure Point
13242,Plumpton
13243,Point Clare
13244,Point Frederick
13245,Point Piper
13246,Point Wolstoncroft
13247,Pointer Mountain
13248,Pokolbin
13249,Pola Creek
13250,Polo Flat
13251,Pomeroy
13252,Pomona
13253,Ponto
13254,Pooncarie
13255,Port Botany
13256,Port Hacking
13257,Port Kembla
13258,Port Macquarie
13259,Port Stephens
13260,Porters Creek
13261,Porters Retreat
13262,Portland
13263,Possum Brush
13264,Possum Creek
13265,Potato Point
13266,Pottery Estate
13267,Potts Hill
13268,Potts Point
13269,Pottsville
13270,Prairiewood
13271,Premer
13272,Prestons
13273,Pretty Beach (Central Coast - NSW)
13274,Pretty Beach (Shoalhaven - NSW)
13275,Pretty Pine
13276,Primbee
13277,Primrose Valley
13278,Prospect
13279,Providence Portal
13280,Pucawan
13281,Puddledock
13282,Pulganbar
13283,Pullabooka
13284,Pulletop
13285,Pumpenbil
13286,Punchbowl (Canterbury-Bankstown - NSW)
13287,Punchbowl (Clarence Valley - NSW)
13288,Purfleet
13289,Purlewaugh
13290,Putney
13291,Putta Bucca
13292,Putty
13293,Pyangle
13294,Pymble
13295,Pyramul
13296,Pyree
13297,Pyrmont
13298,Quaama
13299,Quakers Hill
13300,Quambone
13301,Quanda
13302,Quandary
13303,Quandialla
13304,Queanbeyan
13305,Queanbeyan East
13306,Queanbeyan West
13307,Queens Park
13308,Queens Pinch
13309,Queenscliff
13310,Quialigo
13311,Quidong
13312,Quiera
13313,Quipolly
13314,Quirindi
13315,Quorrobolong
13316,Raby
13317,Raglan
13318,Rainbow Flat
13319,Rainbow Reach
13320,Raleigh
13321,Ramornie
13322,Ramsgate
13323,Ramsgate Beach
13324,Rand
13325,Randwick
13326,Rangari
13327,Rangers Valley
13328,Rankin Park
13329,Rankins Springs
13330,Rannock
13331,Rappville
13332,Rathmines
13333,Ravensdale
13334,Ravenswood
13335,Ravensworth
13336,Rawdon Island
13337,Rawdon Vale
13338,Raworth
13339,Rawsonville
13340,Raymond Terrace
13341,Razorback
13342,Red Head
13343,Red Hill (Snowy Valleys - NSW)
13344,Red Hill (Tamworth Regional - NSW)
13345,Red Hill (Warren - NSW)
13346,Red Range
13347,Red Rock
13348,Red Rocks
13349,Redbank
13350,Redbournberry
13351,Reddestone
13352,Redfern
13353,Redhead
13354,Redlands
13355,Reedy Creek
13356,Reedy Swamp
13357,Reefton
13358,Regents Park
13359,Regentville
13360,Reids Flat
13361,Reidsdale
13362,Rennie
13363,Reno
13364,Renwick
13365,Repentance Creek
13366,Repton
13367,Reserve Creek
13368,Retreat
13369,Revesby
13370,Revesby Heights
13371,Rhine Falls
13372,Rhodes
13373,Richards
13374,Richlands
13375,Richmond
13376,Richmond Hill
13377,Richmond Lowlands
13378,Richmond Vale
13379,Rileys Hill
13380,Ringwood
13381,Riverlea
13382,Riverside
13383,Riverstone
13384,Rivertree
13385,Riverview
13386,Riverwood
13387,Rixs Creek
13388,Rob Roy
13389,Robertson
13390,Robin Hill
13391,Rock Flat
13392,Rock Forest
13393,Rock Valley
13394,Rockdale
13395,Rockley
13396,Rockley Mount
13397,Rockton
13398,Rocky Creek (Gwydir - NSW)
13399,Rocky Creek (Inverell - NSW)
13400,Rocky Glen
13401,Rocky Hall
13402,Rocky Plain
13403,Rocky Point
13404,Rocky River (Tenterfield - NSW)
13405,Rocky River (Uralla - NSW)
13406,Rodd Point
13407,Rollands Plains
13408,Rookhurst
13409,Rookwood
13410,Rooty Hill
13411,Ropes Crossing
13412,Rose Bay
13413,Rose Valley (Kiama - NSW)
13414,Rose Valley (Snowy Monaro Regional - NSW)
13415,Rosebank
13416,Roseberg
13417,Roseberry
13418,Roseberry Creek
13419,Rosebery
13420,Rosebrook
13421,Rosedale
13422,Rosehill
13423,Roselands
13424,Rosemeadow
13425,Rosemeath
13426,Roseville
13427,Roseville Chase
13428,Rosewood (Port Macquarie-Hastings - NSW)
13429,Rosewood (Snowy Valleys - NSW)
13430,Roslyn
13431,Rossglen
13432,Rossgole
13433,Rossi
13434,Rossmore
13435,Rothbury
13436,Roto
13437,Rouchel
13438,Rouchel Brook
13439,Roughit
13440,Round Mountain
13441,Round Swamp
13442,Rous
13443,Rous Mill
13444,Rouse Hill
13445,Rowan
13446,Rowena
13447,Rowlands Creek
13448,Royal National Park
13449,Royalla
13450,Rozelle
13451,Ruby Creek
13452,Rufus
13453,Rugby
13454,Rukenvale
13455,Run-o-Waters
13456,Running Stream
13457,Runnyford
13458,Ruse
13459,Rushcutters Bay
13460,Rushes Creek
13461,Rushforth
13462,Russell Lea
13463,Russell Vale
13464,Rutherford
13465,Ruthven
13466,Ryan
13467,Rydal
13468,Rydalmere
13469,Ryde
13470,Rye Park
13471,Ryhope
13472,Rylstone
13473,Sackville
13474,Sackville North
13475,Saddleback Mountain
13476,Sadleir
13477,Safety Beach
13478,Salamander Bay
13479,Salisbury
13480,Salisbury Plains
13481,Sallys Flat
13482,Salt Ash
13483,Saltwater
13484,San Isidore
13485,San Remo
13486,Sancrox
13487,Sanctuary Point
13488,Sandbar
13489,Sandgate
13490,Sandigo
13491,Sandilands
13492,Sandon
13493,Sandringham
13494,Sandy Beach
13495,Sandy Creek (Cobar - NSW)
13496,Sandy Creek (Upper Hunter Shire - NSW)
13497,Sandy Crossing
13498,Sandy Flat
13499,Sandy Gully
13500,Sandy Hill
13501,Sandy Hollow
13502,Sandy Point
13503,Sanger
13504,Sans Souci
13505,Sapphire
13506,Sapphire Beach
13507,Saratoga
13508,Sassafras
13509,Saumarez
13510,Saumarez Ponds
13511,Savernake
13512,Sawpit Creek
13513,Sawtell
13514,Sawyers Gully
13515,Scarborough
13516,Scheyville
13517,Schofields
13518,Scone
13519,Scotia
13520,Scotland Island
13521,Scotts Creek
13522,Scotts Flat
13523,Scotts Head
13524,Seaforth
13525,Seaham
13526,Seahampton
13527,Seal Rocks
13528,Sebastopol
13529,Sedgefield
13530,Seelands
13531,Sefton
13532,Segenhoe
13533,Seven Hills
13534,Seven Oaks
13535,Sextonville
13536,Shadforth
13537,Shallow Bay
13538,Shalvey
13539,Shanes Park
13540,Shannon Brook
13541,Shannon Vale
13542,Shannondale
13543,Shannons Flat
13544,Shark Creek
13545,Sharps Creek
13546,Sheedys Gully
13547,Shell Cove
13548,Shellharbour
13549,Shellharbour City Centre
13550,Shelly Beach
13551,Sherwood (Clarence Valley - NSW)
13552,Sherwood (Kempsey - NSW)
13553,Sherwood (Kyogle - NSW)
13554,Shoal Bay
13555,Shoalhaven Heads
13556,Shooters Hill
13557,Shortland
13558,Silent Grove
13559,Silverdale
13560,Silverton
13561,Silverwater (Lake Macquarie - NSW)
13562,Silverwater (Parramatta - NSW)
13563,Simpkins Creek
13564,Singleton
13565,Singleton Heights
13566,Singleton Military Area
13567,Singletons Mill
13568,Six Mile Swamp
13569,Skennars Head
13570,Skillion Flat
13571,Skinners Shoot
13572,Sleepy Hollow
13573,Smeaton Grange
13574,Smiggin Holes
13575,Smithfield
13576,Smiths Creek (Clarence Valley - NSW)
13577,Smiths Creek (Kyogle - NSW)
13578,Smiths Creek (Tweed - NSW)
13579,Smiths Lake
13580,Smithtown
13581,Snakes Plain
13582,Snowball
13583,Snowy Plain
13584,Sodwalls
13585,Sofala
13586,Soldiers Point
13587,Somersby
13588,Somerton
13589,South Albury
13590,South Arm (Clarence Valley - NSW)
13591,South Arm (Nambucca Valley - NSW)
13592,South Ballina
13593,South Bathurst
13594,South Bowenfels
13595,South Coogee
13596,South Durras
13597,South Golden Beach
13598,South Grafton
13599,South Granville
13600,South Gundagai
13601,South Gundurimba
13602,South Guyra
13603,South Hurstville
13604,South Kempsey
13605,South Lismore
13606,South Littleton
13607,South Maitland
13608,South Maroota
13609,South Murwillumbah
13610,South Nowra
13611,South Pambula
13612,South Penrith
13613,South Tamworth
13614,South Turramurra
13615,South Wentworthville
13616,South West Rocks
13617,South Windsor
13618,South Wolumla
13619,Southampton
13620,Southgate
13621,Speers Point
13622,Speewa
13623,Spencer
13624,Spicers Creek
13625,Spicketts Creek
13626,Splitters Creek
13627,Spring Creek
13628,Spring Farm
13629,Spring Flat
13630,Spring Grove
13631,Spring Hill (Orange - NSW)
13632,Spring Hill (Wollongong - NSW)
13633,Spring Mountain
13634,Spring Plains
13635,Spring Ridge
13636,Spring Terrace
13637,Springdale
13638,Springdale Heights
13639,Springfield (Central Coast - NSW)
13640,Springfield (Snowy Monaro Regional - NSW)
13641,Springrange
13642,Springside
13643,Springvale
13644,Springwood
13645,St Albans
13646,St Andrews
13647,St Clair (Penrith - NSW)
13648,St Clair (Singleton - NSW)
13649,St Fillans
13650,St George
13651,St Georges Basin
13652,St Helens Park
13653,St Huberts Island
13654,St Ives
13655,St Ives Chase
13656,St Johns Park
13657,St Leonards
13658,St Marys
13659,St Peters
13660,Stanborough
13661,Stanbridge
13662,Stanford Merthyr
13663,Stanhope
13664,Stanhope Gardens
13665,Stanmore
13666,Stannifer
13667,Stannum
13668,Stanwell Park
13669,Stanwell Tops
13670,State Mine Gully
13671,Steam Plains
13672,Steeple Flat
13673,Stewarts Brook
13674,Stewarts River
13675,Stockinbingal
13676,Stockrington
13677,Stockton
13678,Stockyard Creek
13679,Stokers Siding
13680,Stonehenge
13681,Stonequarry
13682,Stony Chute
13683,Stony Creek (Bega Valley - NSW)
13684,Stony Creek (Mid-Western Regional - NSW)
13685,Stony Crossing
13686,Stotts Creek
13687,Stratford
13688,Strathcedar
13689,Stratheden
13690,Strathfield
13691,Strathfield South
13692,Stroud
13693,Stroud Hill
13694,Stroud Road
13695,Stuart Town
13696,Stuarts Point
13697,Stubbo
13698,Stud Park
13699,Suffolk Park
13700,Sugarloaf
13701,Summer Hill (Dungog - NSW)
13702,Summer Hill (Inner West - NSW)
13703,Summer Hill Creek
13704,Summer Island
13705,Summerland Point
13706,Sun Valley
13707,Sunny Corner
13708,Sunset Strip
13709,Sunshine
13710,Sunshine Bay
13711,Suntop
13712,Surf Beach
13713,Surfside
13714,Surry Hills
13715,Sussex Inlet
13716,Sutherland
13717,Sutton
13718,Sutton Forest
13719,Swan Bay (Port Stephens - NSW)
13720,Swan Bay (Richmond Valley - NSW)
13721,Swan Creek
13722,Swan Vale
13723,Swanbrook
13724,Swanhaven
13725,Swans Crossing
13726,Swansea
13727,Swansea Heads
13728,Sweetmans Creek
13729,Sydenham
13730,Sydney
13731,Sydney Olympic Park
13732,Sylvania
13733,Sylvania Waters
13734,Tabbil Creek
13735,Tabbimoble
13736,Tabbita
13737,Table Top
13738,Tabulam
13739,Tacoma
13740,Tacoma South
13741,Tahlee
13742,Tahmoor
13743,Talarm
13744,Talawanta
13745,Talbingo
13746,Tallawang
13747,Tallawong
13748,Tallimba
13749,Tallong
13750,Tallowal
13751,Tallowwood Ridge
13752,Tallwood
13753,Tallwoods Village
13754,Talmalmo
13755,Talofa
13756,Taloumbi
13757,Tamarama
13758,Tamban
13759,Tambar Springs
13760,Tambaroora
13761,Taminda
13762,Tamworth
13763,Tanglewood
13764,Tanilba Bay
13765,Tanja
13766,Tannas Mount
13767,Tantangara
13768,Tantawangalo
13769,Tantonan
13770,Tapitallee
13771,Tara
13772,Taradale
13773,Tarago
13774,Taralga
13775,Tarana
13776,Tarban
13777,Tarbuck Bay
13778,Tarcutta
13779,Taree
13780,Taree South
13781,Taren Point
13782,Tarlo
13783,Tarraganda
13784,Tarrawanna
13785,Tarriaro
13786,Tarro
13787,Tascott
13788,Tatham
13789,Tathra
13790,Tatton
13791,Taylors Arm
13792,Taylors Beach
13793,Taylors Flat
13794,Tea Gardens
13795,Telarah
13796,Telegraph Point
13797,Telopea
13798,Temagog
13799,Temora
13800,Tempe
13801,Ten Mile Hollow
13802,Tenambit
13803,Tenandra
13804,Tennyson
13805,Tennyson Point
13806,Tenterden
13807,Tenterfield
13808,Teralba
13809,Terania Creek
13810,Terara
13811,Teridgerie
13812,Termeil
13813,Terrabella
13814,Terrace Creek
13815,Terragon
13816,Terramungamine
13817,Terranora
13818,Terreel
13819,Terrey Hills
13820,Terrigal
13821,Terry Hie Hie
13822,Teven
13823,Tewinga
13824,Texas
13825,Thalgarrah
13826,Tharbogang
13827,The Angle
13828,The Basin
13829,The Bight
13830,The Branch
13831,The Brothers
13832,The Channon
13833,The Devils Wilderness
13834,The Entrance
13835,The Entrance North
13836,The Freshwater
13837,The Gap (Richmond Valley - NSW)
13838,The Gap (Wagga Wagga - NSW)
13839,The Glen
13840,The Gulf
13841,The Hatch
13842,The Hill
13843,The Junction
13844,The Lagoon
13845,The Marra
13846,The Meadows
13847,The Oaks
13848,The Pilliga
13849,The Pinnacles
13850,The Pocket
13851,The Ponds
13852,The Ridgeway
13853,The Risk
13854,The Rock
13855,The Rocks (Bathurst Regional - NSW)
13856,The Rocks (Sydney - NSW)
13857,The Sandon
13858,The Slopes
13859,The Whiteman
13860,Theresa Creek
13861,Theresa Park
13862,Thirldene
13863,Thirlmere
13864,Thirroul
13865,Thora
13866,Thornleigh
13867,Thornton
13868,Thredbo
13869,Thrumster
13870,Thuddungra
13871,Thule
13872,Thumb Creek
13873,Thurgoona
13874,Thyra
13875,Tianjara
13876,Tibbuc
13877,Tibooburra
13878,Tichborne
13879,Tichular
13880,Tighes Hill
13881,Tilba Tilba
13882,Tilbuster
13883,Tilligerry Creek
13884,Tilpa
13885,Timbarra
13886,Timbillica
13887,Timbumburi
13888,Timor
13889,Tindarey
13890,Tinderry
13891,Tingha
13892,Tingira Heights
13893,Tinonee
13894,Tinpot
13895,Tintenbar
13896,Tintinhull
13897,Tiona
13898,Tipperary
13899,Tiri
13900,Tirrannaville
13901,Titaatee Creek
13902,Tocal
13903,Tocumwal
13904,Tolbar
13905,Tolland
13906,Tolwong
13907,Tomago
13908,Tomakin
13909,Tomalla
13910,Tombong
13911,Tomboye
13912,Tomerong
13913,Tomewin
13914,Tomingley
13915,Tomki
13916,Toms Creek
13917,Tonderburine
13918,Tongarra
13919,Toogong
13920,Tooleybuc
13921,Toolijooa
13922,Tooloom
13923,Tooloon
13924,Tooma
13925,Toongabbie
13926,Toongi
13927,Toonumbar
13928,Tooranie
13929,Tooraweenah
13930,Toormina
13931,Toorooka
13932,Toothdale
13933,Tootool
13934,Toowoon Bay
13935,Topi Topi
13936,Toronto
13937,Torrington
13938,Torryburn (Dungog - NSW)
13939,Torryburn (Uralla - NSW)
13940,Totnes Valley
13941,Tottenham
13942,Touga
13943,Toukley
13944,Towallum
13945,Towamba
13946,Townsend
13947,Towradgi
13948,Towrang
13949,Tralee
13950,Trangie
13951,Tregeagle
13952,Tregear
13953,Trenayr
13954,Trentham Cliffs
13955,Trewilga
13956,Triamble
13957,Triangle Flat
13958,Trundle
13959,Trungley Hall
13960,Trunkey Creek
13961,Tubbamurra
13962,Tubbul
13963,Tucabia
13964,Tucki Tucki
13965,Tuckombil
13966,Tuckurimba
13967,Tuena
13968,Tuggerah
13969,Tuggerawong
13970,Tugrabakh
13971,Tullakool
13972,Tullamore
13973,Tullarwalla
13974,Tullera
13975,Tullibigeal
13976,Tullimbar
13977,Tulloona
13978,Tullymorgan
13979,Tumbarumba
13980,Tumbi Umbi
13981,Tumblong
13982,Tumbulgum
13983,Tumorrama
13984,Tumut
13985,Tumut Plains
13986,Tuncester
13987,Tuncurry
13988,Tunglebung
13989,Tuntable Creek
13990,Tuppal
13991,Tura Beach
13992,Turill
13993,Turlinjah
13994,Turners Flat
13995,Turondale
13996,Tuross
13997,Tuross Head
13998,Turramurra
13999,Turrawan
14000,Turrella
14001,Turvey Park
14002,Tweed Heads
14003,Tweed Heads South
14004,Tweed Heads West
14005,Twelve Mile
14006,Twelve Mile Creek
14007,Twelve Mile Peg
14008,Twenty Forests
14009,Twin Rivers
14010,Two Mile Flat
14011,Tyagarah
14012,Tyalgum
14013,Tyalgum Creek
14014,Tygalgah
14015,Tyndale
14016,Tyringham
14017,Uarbry
14018,Uki
14019,Ulamambri
14020,Ulan
14021,Ulladulla
14022,Ulmarra
14023,Ulong
14024,Ultimo
14025,Umina Beach
14026,Unanderra
14027,Underbank
14028,Undercliffe
14029,Ungarie
14030,Unumgar
14031,Upper Allyn
14032,Upper Bingara
14033,Upper Burringbar
14034,Upper Bylong
14035,Upper Colo
14036,Upper Coopers Creek
14037,Upper Copmanhurst
14038,Upper Corindi
14039,Upper Crystal Creek
14040,Upper Dartbrook
14041,Upper Duck Creek
14042,Upper Duroby
14043,Upper Eden Creek
14044,Upper Fine Flower
14045,Upper Growee
14046,Upper Horseshoe Creek
14047,Upper Horton
14048,Upper Kangaroo River
14049,Upper Kangaroo Valley
14050,Upper Karuah River
14051,Upper Lansdowne
14052,Upper Macdonald
14053,Upper Main Arm
14054,Upper Mangrove
14055,Upper Manilla
14056,Upper Mongogarie
14057,Upper Myall
14058,Upper Nile
14059,Upper Orara
14060,Upper Pappinbarra
14061,Upper Rollands Plains
14062,Upper Rouchel
14063,Upper Taylors Arm
14064,Upper Tooloom
14065,Upper Turon
14066,Upper Wilsons Creek
14067,Upsalls Creek
14068,Uralba
14069,Uralla
14070,Urana
14071,Urangeline
14072,Urangeline East
14073,Uranquinty
14074,Urawilkie
14075,Urbenville
14076,Uriarra
14077,Urila
14078,Urliup
14079,Urunga
14080,Utungun
14081,Vacy
14082,Vale Of Clwydd
14083,Valentine
14084,Valery
14085,Valla
14086,Valla Beach
14087,Valley Heights
14088,Varroville
14089,Vaucluse
14090,Verges Creek
14091,Verona
14092,Villawood
14093,Vincentia
14094,Vineyard
14095,Violet Hill
14096,Vittoria
14097,Voyager Point
14098,Wadalba
14099,Wadbilliga
14100,Wadeville
14101,Wagga Wagga
14102,Wagstaffe
14103,Wahroonga
14104,Waitara
14105,Waitui
14106,Wakefield
14107,Wakeley
14108,Wakool
14109,Walang
14110,Walbundrie
14111,Walcha
14112,Walcha Road
14113,Waldegrave
14114,Walgett
14115,Walla Walla
14116,Wallabadah
14117,Wallabi Point
14118,Wallacetown
14119,Wallacia
14120,Wallaga Lake
14121,Wallagoot
14122,Wallalong
14123,Wallamore
14124,Wallanbah
14125,Wallangra
14126,Wallanthery
14127,Wallarah
14128,Wallaringa
14129,Wallarobba
14130,Wallaroo
14131,Wallendbeen
14132,Wallerawang
14133,Walleroobie
14134,Wallingat
14135,Wallis Lake
14136,Wallsend
14137,Walmer
14138,Wamban
14139,Wambangalang
14140,Wamberal
14141,Wamboin
14142,Wambool
14143,Wambrook
14144,Wanaaring
14145,Wandandian
14146,Wandella
14147,Wandera
14148,Wandook
14149,Wandsworth
14150,Wang Wauk
14151,Wanganella
14152,Wanganui
14153,Wangi Wangi
14154,Wantabadgery
14155,Wantagong
14156,Wantiool
14157,Wapengo
14158,Warabrook
14159,Waratah
14160,Waratah West
14161,Warburn
14162,Wardell
14163,Wardrop Valley
14164,Wards Mistake
14165,Wards River
14166,Wareemba
14167,Warialda
14168,Warialda Rail
14169,Warilla
14170,Warkworth
14171,Warners Bay
14172,Warnervale
14173,Warrabah
14174,Warraderry
14175,Warragai Creek
14176,Warragamba
14177,Warragoon
14178,Warrah
14179,Warrah Creek
14180,Warrah Ridge
14181,Warral
14182,Warranulla
14183,Warrawee
14184,Warrawidgee
14185,Warrawong
14186,Warrazambil Creek
14187,Warregah Island
14188,Warrell Creek
14189,Warren
14190,Warri
14191,Warriewood
14192,Warrimoo
14193,Warroo
14194,Warrumbungle
14195,Warwick Farm
14196,Washpool (Clarence Valley - NSW)
14197,Washpool (Mid-Coast - NSW)
14198,Watagan
14199,Watanobbi
14200,Waterfall
14201,Waterloo
14202,Watersleigh
14203,Waterview
14204,Waterview Heights
14205,Watsons Bay
14206,Watsons Creek
14207,Wattamolla
14208,Wattamondara
14209,Wattle Flat
14210,Wattle Grove
14211,Wattle Ponds
14212,Wattle Ridge
14213,Watton
14214,Wauchope
14215,Waugorah
14216,Waukivory
14217,Waverley
14218,Waverly
14219,Waverton
14220,Way Way
14221,Wayo
14222,Weabonga
14223,Wean
14224,Webbers Creek
14225,Webbs Creek
14226,Wedderburn
14227,Wee Jasper
14228,Wee Waa
14229,Weedallion
14230,Weemelah
14231,Weetaliba
14232,Weethalle
14233,Weilmoringle
14234,Weismantels
14235,Welaregang
14236,Welby
14237,Wellingrove
14238,Wellington
14239,Wellington Vale
14240,Wells Crossing
14241,Wendoree Park
14242,Wentworth
14243,Wentworth Falls
14244,Wentworth Point
14245,Wentworthville
14246,Werai
14247,Wereboldera
14248,Wermatong
14249,Werombi
14250,Werri Beach
14251,Werrikimbe
14252,Werrington
14253,Werrington County
14254,Werrington Downs
14255,Werris Creek
14256,West Albury
14257,West Ballina
14258,West Bathurst
14259,West Bungawalbin
14260,West Coraki
14261,West Gosford
14262,West Haven
14263,West Hoxton
14264,West Kempsey
14265,West Nowra
14266,West Pennant Hills
14267,West Pymble
14268,West Ryde
14269,West Tamworth
14270,West Wallsend
14271,West Wiangaree
14272,West Wollongong
14273,West Wyalong
14274,Westbrook
14275,Westdale (Snowy Valleys - NSW)
14276,Westdale (Tamworth Regional - NSW)
14277,Westleigh
14278,Westmead
14279,Weston
14280,Westwood
14281,Wetherill Park
14282,Wetuppa
14283,Whalan
14284,Whale Beach
14285,Wheeler Heights
14286,Wheeny Creek
14287,Wheeo
14288,Wherrol Flat
14289,Whian Whian
14290,Whiporie
14291,White Cliffs
14292,White Rock
14293,Whitebridge
14294,Whiteman Creek
14295,Whitlow
14296,Whittingham
14297,Whitton
14298,Whoota
14299,Wiagdon
14300,Wiangaree
14301,Wiarborough
14302,Wickham
14303,Widden
14304,Widgelli
14305,Wilberforce
14306,Wilbetree
14307,Wilcannia
14308,Wild Cattle Creek
14309,Wildes Meadow
14310,Wiley Park
14311,Willala
14312,Willawarrin
14313,Willbriggie
14314,Willi Willi
14315,Williamsdale
14316,Williamtown
14317,Willigobung
14318,Willina
14319,Willmot
14320,Willoughby
14321,Willoughby East
14322,Willow Tree
14323,Willow Vale (Kiama - NSW)
14324,Willow Vale (Wingecarribee - NSW)
14325,Willsons Downfall
14326,Willurah
14327,Wilpinjong
14328,Wilsons Creek
14329,Wilton
14330,Wimbledon
14331,Wimborne
14332,Winburndale
14333,Windale
14334,Windang
14335,Windella
14336,Windellama
14337,Windera
14338,Windermere
14339,Windermere Park
14340,Windeyer
14341,Windowie
14342,Windradyne
14343,Windsor
14344,Windsor Downs
14345,Windy
14346,Winegrove
14347,Wingadee
14348,Wingello
14349,Wingen
14350,Wingham
14351,Winifred
14352,Winmalee
14353,Winston Hills
14354,Winton
14355,Wirlinga
14356,Wirraba
14357,Wirragulla
14358,Wirrimah
14359,Wirrimbi
14360,Wirrinya
14361,Wisemans Creek
14362,Wisemans Ferry
14363,Wittitrin
14364,Wog Wog (Bega Valley - NSW)
14365,Wog Wog (Queanbeyan-Palerang Regional - NSW)
14366,Woko
14367,Wolgan Valley
14368,Wollangambe
14369,Wollar
14370,Wollemi
14371,Wolli Creek
14372,Wollogorang
14373,Wollombi
14374,Wollomombi
14375,Wollongbar
14376,Wollongong
14377,Wollstonecraft
14378,Wollumboola
14379,Wollun
14380,Wolumla
14381,Wombarra
14382,Wombat
14383,Wombat Creek
14384,Wombeyan Caves
14385,Womboota
14386,Womerah
14387,Wonboyn
14388,Wonboyn North
14389,Wondabyne
14390,Wondalga
14391,Wongarbon
14392,Wongawilli
14393,Wongo Creek
14394,Wongwibinda
14395,Woodberry
14396,Woodbine
14397,Woodburn (Richmond Valley - NSW)
14398,Woodburn (Shoalhaven - NSW)
14399,Woodcroft
14400,Woodenbong
14401,Woodford
14402,Woodford Island
14403,Woodhill
14404,Woodhouselee
14405,Woodlands (Eurobodalla - NSW)
14406,Woodlands (Wingecarribee - NSW)
14407,Woodlawn
14408,Woodpark
14409,Woodrising
14410,Woodside
14411,Woodsreef
14412,Woodstock (Cowra - NSW)
14413,Woodstock (Inverell - NSW)
14414,Woodstock (Shoalhaven - NSW)
14415,Woodview
14416,Woodville
14417,Woody Head
14418,Woolbrook
14419,Woolgarlo
14420,Woolgoolga
14421,Wooli
14422,Woollahra
14423,Woollamia
14424,Woolloomooloo
14425,Woolners Arm
14426,Woolomin
14427,Woolooma
14428,Woolooware
14429,Wooloweyah
14430,Woolwich
14431,Woomargama
14432,Woombah
14433,Woongarrah
14434,Woonona
14435,Wootton
14436,Wooyung
14437,Worlds End
14438,Woronora
14439,Woronora Dam
14440,Woronora Heights
14441,Worrigee
14442,Worrowing Heights
14443,Woy Woy
14444,Woy Woy Bay
14445,Wrathall
14446,Wrights Beach
14447,Wrights Creek
14448,Wuuluman
14449,Wyalong
14450,Wyan
14451,Wyanbene
14452,Wyangala
14453,Wyangle
14454,Wybong
14455,Wybung
14456,Wyee
14457,Wyee Point
14458,Wylie Creek
14459,Wylies Flat
14460,Wymah
14461,Wyndham
14462,Wyneden
14463,Wyoming
14464,Wyong
14465,Wyong Creek
14466,Wyongah
14467,Wyrallah
14468,Yabbra
14469,Yadboro
14470,Yagon
14471,Yagoona
14472,Yalbraith
14473,Yallah
14474,Yallaroi
14475,Yalwal
14476,Yamba
14477,Yambulla
14478,Yanco
14479,Yanderra
14480,Yanga
14481,Yankees Creek
14482,Yannergee
14483,Yantabulla
14484,Yaouk
14485,Yarara
14486,Yarra
14487,Yarrabandai
14488,Yarrabin
14489,Yarragal
14490,Yarragrin
14491,Yarragundry
14492,Yarrahapinni
14493,Yarramalong
14494,Yarraman
14495,Yarramundi
14496,Yarranbella
14497,Yarrangobilly
14498,Yarras (Bathurst Regional - NSW)
14499,Yarras (Port Macquarie-Hastings - NSW)
14500,Yarratt Forest
14501,Yarravel
14502,Yarrawa
14503,Yarrawarrah
14504,Yarrawonga
14505,Yarrawonga Park
14506,Yarrie Lake
14507,Yarrow
14508,Yarrowford
14509,Yarrowitch
14510,Yarrowyck
14511,Yass
14512,Yass River
14513,Yathella
14514,Yattalunga
14515,Yatte Yattah
14516,Yaven Creek
14517,Yelgun
14518,Yellow Dam
14519,Yellow Pinch
14520,Yellow Rock (Blue Mountains - NSW)
14521,Yellow Rock (Shellharbour - NSW)
14522,Yenda
14523,Yengo National Park
14524,Yennora
14525,Yeoval
14526,Yerong Creek
14527,Yerranderie
14528,Yerrinbool
14529,Yerriyong
14530,Yessabah
14531,Yetholme
14532,Yetman
14533,Yippin Creek
14534,Yoogali
14535,Yorklea
14536,Young
14537,Yowie Bay
14538,Yowrie
14539,Yullundry
14540,Yuraygir
14541,Zara
14542,Zetland
